ISO-10303-21;
HEADER;
FILE_DESCRIPTION(('Designed by EasyEDA Pro'),'2;1');
FILE_NAME('Open CASCADE Shape Model','2026-08-24T21:02:40',('Author'),(
    'Open CASCADE'),'Open CASCADE STEP processor 7.8','Open CASCADE 7.8'
  ,'Unknown');
FILE_SCHEMA(('AUTOMOTIVE_DESIGN { 1 0 10303 214 1 1 1 1 }'));
ENDSEC;
DATA;
#1 = APPLICATION_PROTOCOL_DEFINITION('international standard',
  'automotive_design',2000,#2);
#2 = APPLICATION_CONTEXT(
  'core data for automotive mechanical design processes');
#3 = SHAPE_DEFINITION_REPRESENTATION(#4,#10);
#4 = PRODUCT_DEFINITION_SHAPE('','',#5);
#5 = PRODUCT_DEFINITION('design','',#6,#9);
#6 = PRODUCT_DEFINITION_FORMATION('','',#7);
#7 = PRODUCT('EasyEDA PCB Model~n8rM','EasyEDA PCB Model~n8rM','',(#8));
#8 = PRODUCT_CONTEXT('',#2,'mechanical');
#9 = PRODUCT_DEFINITION_CONTEXT('part definition',#2,'design');
#10 = SHAPE_REPRESENTATION('',(#11,#15,#19,#23,#27,#31,#35,#39,#43),#47
  );
#11 = AXIS2_PLACEMENT_3D('',#12,#13,#14);
#12 = CARTESIAN_POINT('',(0.,0.,0.));
#13 = DIRECTION('',(0.,0.,1.));
#14 = DIRECTION('',(1.,0.,-0.));
#15 = AXIS2_PLACEMENT_3D('',#16,#17,#18);
#16 = CARTESIAN_POINT('',(0.,0.,0.));
#17 = DIRECTION('',(0.,0.,1.));
#18 = DIRECTION('',(1.,0.,-0.));
#19 = AXIS2_PLACEMENT_3D('',#20,#21,#22);
#20 = CARTESIAN_POINT('',(0.,0.,0.));
#21 = DIRECTION('',(0.,0.,1.));
#22 = DIRECTION('',(1.,0.,-0.));
#23 = AXIS2_PLACEMENT_3D('',#24,#25,#26);
#24 = CARTESIAN_POINT('',(0.,0.,0.));
#25 = DIRECTION('',(0.,0.,1.));
#26 = DIRECTION('',(1.,0.,-0.));
#27 = AXIS2_PLACEMENT_3D('',#28,#29,#30);
#28 = CARTESIAN_POINT('',(0.,0.,0.));
#29 = DIRECTION('',(0.,0.,1.));
#30 = DIRECTION('',(1.,0.,-0.));
#31 = AXIS2_PLACEMENT_3D('',#32,#33,#34);
#32 = CARTESIAN_POINT('',(0.,0.,0.));
#33 = DIRECTION('',(0.,0.,1.));
#34 = DIRECTION('',(1.,0.,-0.));
#35 = AXIS2_PLACEMENT_3D('',#36,#37,#38);
#36 = CARTESIAN_POINT('',(0.,0.,0.));
#37 = DIRECTION('',(0.,0.,1.));
#38 = DIRECTION('',(1.,0.,-0.));
#39 = AXIS2_PLACEMENT_3D('',#40,#41,#42);
#40 = CARTESIAN_POINT('',(0.,0.,0.));
#41 = DIRECTION('',(0.,0.,1.));
#42 = DIRECTION('',(1.,0.,-0.));
#43 = AXIS2_PLACEMENT_3D('',#44,#45,#46);
#44 = CARTESIAN_POINT('',(17.812834645669,-24.86689477095,1.586156972314
    ));
#45 = DIRECTION('',(0.,0.,1.));
#46 = DIRECTION('',(1.,0.,0.));
#47 = ( GEOMETRIC_REPRESENTATION_CONTEXT(3) 
GLOBAL_UNCERTAINTY_ASSIGNED_CONTEXT((#51)) GLOBAL_UNIT_ASSIGNED_CONTEXT(
(#48,#49,#50)) REPRESENTATION_CONTEXT('Context #1',
  '3D Context with UNIT and UNCERTAINTY') );
#48 = ( LENGTH_UNIT() NAMED_UNIT(*) SI_UNIT(.MILLI.,.METRE.) );
#49 = ( NAMED_UNIT(*) PLANE_ANGLE_UNIT() SI_UNIT($,.RADIAN.) );
#50 = ( NAMED_UNIT(*) SI_UNIT($,.STERADIAN.) SOLID_ANGLE_UNIT() );
#51 = UNCERTAINTY_MEASURE_WITH_UNIT(LENGTH_MEASURE(1.E-07),#48,
  'distance_accuracy_value','confusion accuracy');
#52 = PRODUCT_RELATED_PRODUCT_CATEGORY('part',$,(#7));
#53 = SHAPE_DEFINITION_REPRESENTATION(#54,#60);
#54 = PRODUCT_DEFINITION_SHAPE('','',#55);
#55 = PRODUCT_DEFINITION('design','',#56,#59);
#56 = PRODUCT_DEFINITION_FORMATION('','',#57);
#57 = PRODUCT('Board~n8rM','Board~n8rM','',(#58));
#58 = PRODUCT_CONTEXT('',#2,'mechanical');
#59 = PRODUCT_DEFINITION_CONTEXT('part definition',#2,'design');
#60 = ADVANCED_BREP_SHAPE_REPRESENTATION('',(#11,#61),#1247);
#61 = MANIFOLD_SOLID_BREP('',#62);
#62 = CLOSED_SHELL('',(#63,#103,#134,#165,#187,#229,#253,#295,#319,#361,
    #385,#427,#451,#493,#517,#559,#583,#625,#649,#691,#715,#757,#781,
    #823,#847,#889,#913,#955,#979,#1021,#1045,#1087,#1111,#1179));
#63 = ADVANCED_FACE('',(#64),#98,.T.);
#64 = FACE_BOUND('',#65,.T.);
#65 = EDGE_LOOP('',(#66,#76,#84,#92));
#66 = ORIENTED_EDGE('',*,*,#67,.T.);
#67 = EDGE_CURVE('',#68,#70,#72,.T.);
#68 = VERTEX_POINT('',#69);
#69 = CARTESIAN_POINT('',(13.845128270257,21.37249816783,0.));
#70 = VERTEX_POINT('',#71);
#71 = CARTESIAN_POINT('',(13.845128270257,21.37249816783,1.586156972314)
  );
#72 = LINE('',#73,#74);
#73 = CARTESIAN_POINT('',(13.845128270257,21.37249816783,0.));
#74 = VECTOR('',#75,1.);
#75 = DIRECTION('',(0.,0.,1.));
#76 = ORIENTED_EDGE('',*,*,#77,.T.);
#77 = EDGE_CURVE('',#70,#78,#80,.T.);
#78 = VERTEX_POINT('',#79);
#79 = CARTESIAN_POINT('',(13.845128270257,-22.84619118954,1.586156972314
    ));
#80 = LINE('',#81,#82);
#81 = CARTESIAN_POINT('',(13.845128270257,21.37249816783,1.586156972314)
  );
#82 = VECTOR('',#83,1.);
#83 = DIRECTION('',(8.034416511279E-17,-1.,0.));
#84 = ORIENTED_EDGE('',*,*,#85,.F.);
#85 = EDGE_CURVE('',#86,#78,#88,.T.);
#86 = VERTEX_POINT('',#87);
#87 = CARTESIAN_POINT('',(13.845128270257,-22.84619118954,0.));
#88 = LINE('',#89,#90);
#89 = CARTESIAN_POINT('',(13.845128270257,-22.84619118954,0.));
#90 = VECTOR('',#91,1.);
#91 = DIRECTION('',(0.,0.,1.));
#92 = ORIENTED_EDGE('',*,*,#93,.F.);
#93 = EDGE_CURVE('',#68,#86,#94,.T.);
#94 = LINE('',#95,#96);
#95 = CARTESIAN_POINT('',(13.845128270257,21.37249816783,0.));
#96 = VECTOR('',#97,1.);
#97 = DIRECTION('',(8.034416511279E-17,-1.,0.));
#98 = PLANE('',#99);
#99 = AXIS2_PLACEMENT_3D('',#100,#101,#102);
#100 = CARTESIAN_POINT('',(13.845128270257,21.37249816783,0.));
#101 = DIRECTION('',(1.,8.034416511279E-17,-0.));
#102 = DIRECTION('',(8.034416511279E-17,-1.,0.));
#103 = ADVANCED_FACE('',(#104),#129,.T.);
#104 = FACE_BOUND('',#105,.T.);
#105 = EDGE_LOOP('',(#106,#107,#115,#123));
#106 = ORIENTED_EDGE('',*,*,#85,.T.);
#107 = ORIENTED_EDGE('',*,*,#108,.T.);
#108 = EDGE_CURVE('',#78,#109,#111,.T.);
#109 = VERTEX_POINT('',#110);
#110 = CARTESIAN_POINT('',(-63.56362712725,-22.84619118954,
    1.586156972314));
#111 = LINE('',#112,#113);
#112 = CARTESIAN_POINT('',(13.845128270257,-22.84619118954,
    1.586156972314));
#113 = VECTOR('',#114,1.);
#114 = DIRECTION('',(-1.,0.,0.));
#115 = ORIENTED_EDGE('',*,*,#116,.F.);
#116 = EDGE_CURVE('',#117,#109,#119,.T.);
#117 = VERTEX_POINT('',#118);
#118 = CARTESIAN_POINT('',(-63.56362712725,-22.84619118954,0.));
#119 = LINE('',#120,#121);
#120 = CARTESIAN_POINT('',(-63.56362712725,-22.84619118954,0.));
#121 = VECTOR('',#122,1.);
#122 = DIRECTION('',(0.,0.,1.));
#123 = ORIENTED_EDGE('',*,*,#124,.F.);
#124 = EDGE_CURVE('',#86,#117,#125,.T.);
#125 = LINE('',#126,#127);
#126 = CARTESIAN_POINT('',(13.845128270257,-22.84619118954,0.));
#127 = VECTOR('',#128,1.);
#128 = DIRECTION('',(-1.,0.,0.));
#129 = PLANE('',#130);
#130 = AXIS2_PLACEMENT_3D('',#131,#132,#133);
#131 = CARTESIAN_POINT('',(13.845128270257,-22.84619118954,0.));
#132 = DIRECTION('',(0.,-1.,0.));
#133 = DIRECTION('',(-1.,0.,0.));
#134 = ADVANCED_FACE('',(#135),#160,.T.);
#135 = FACE_BOUND('',#136,.T.);
#136 = EDGE_LOOP('',(#137,#138,#146,#154));
#137 = ORIENTED_EDGE('',*,*,#116,.T.);
#138 = ORIENTED_EDGE('',*,*,#139,.T.);
#139 = EDGE_CURVE('',#109,#140,#142,.T.);
#140 = VERTEX_POINT('',#141);
#141 = CARTESIAN_POINT('',(-63.56362712725,21.37249816783,1.586156972314
    ));
#142 = LINE('',#143,#144);
#143 = CARTESIAN_POINT('',(-63.56362712725,-22.84619118954,
    1.586156972314));
#144 = VECTOR('',#145,1.);
#145 = DIRECTION('',(0.,1.,0.));
#146 = ORIENTED_EDGE('',*,*,#147,.F.);
#147 = EDGE_CURVE('',#148,#140,#150,.T.);
#148 = VERTEX_POINT('',#149);
#149 = CARTESIAN_POINT('',(-63.56362712725,21.37249816783,0.));
#150 = LINE('',#151,#152);
#151 = CARTESIAN_POINT('',(-63.56362712725,21.37249816783,0.));
#152 = VECTOR('',#153,1.);
#153 = DIRECTION('',(0.,0.,1.));
#154 = ORIENTED_EDGE('',*,*,#155,.F.);
#155 = EDGE_CURVE('',#117,#148,#156,.T.);
#156 = LINE('',#157,#158);
#157 = CARTESIAN_POINT('',(-63.56362712725,-22.84619118954,0.));
#158 = VECTOR('',#159,1.);
#159 = DIRECTION('',(0.,1.,0.));
#160 = PLANE('',#161);
#161 = AXIS2_PLACEMENT_3D('',#162,#163,#164);
#162 = CARTESIAN_POINT('',(-63.56362712725,-22.84619118954,0.));
#163 = DIRECTION('',(-1.,0.,0.));
#164 = DIRECTION('',(0.,1.,0.));
#165 = ADVANCED_FACE('',(#166),#182,.T.);
#166 = FACE_BOUND('',#167,.T.);
#167 = EDGE_LOOP('',(#168,#169,#175,#176));
#168 = ORIENTED_EDGE('',*,*,#147,.T.);
#169 = ORIENTED_EDGE('',*,*,#170,.T.);
#170 = EDGE_CURVE('',#140,#70,#171,.T.);
#171 = LINE('',#172,#173);
#172 = CARTESIAN_POINT('',(-63.56362712725,21.37249816783,1.586156972314
    ));
#173 = VECTOR('',#174,1.);
#174 = DIRECTION('',(1.,0.,0.));
#175 = ORIENTED_EDGE('',*,*,#67,.F.);
#176 = ORIENTED_EDGE('',*,*,#177,.F.);
#177 = EDGE_CURVE('',#148,#68,#178,.T.);
#178 = LINE('',#179,#180);
#179 = CARTESIAN_POINT('',(-63.56362712725,21.37249816783,0.));
#180 = VECTOR('',#181,1.);
#181 = DIRECTION('',(1.,0.,0.));
#182 = PLANE('',#183);
#183 = AXIS2_PLACEMENT_3D('',#184,#185,#186);
#184 = CARTESIAN_POINT('',(-63.56362712725,21.37249816783,0.));
#185 = DIRECTION('',(0.,1.,0.));
#186 = DIRECTION('',(1.,0.,0.));
#187 = ADVANCED_FACE('',(#188),#224,.F.);
#188 = FACE_BOUND('',#189,.T.);
#189 = EDGE_LOOP('',(#190,#200,#209,#217));
#190 = ORIENTED_EDGE('',*,*,#191,.T.);
#191 = EDGE_CURVE('',#192,#194,#196,.T.);
#192 = VERTEX_POINT('',#193);
#193 = CARTESIAN_POINT('',(-61.33512319024,-3.802851082868,0.));
#194 = VERTEX_POINT('',#195);
#195 = CARTESIAN_POINT('',(-61.33512319024,-3.802851082868,
    1.586156972314));
#196 = LINE('',#197,#198);
#197 = CARTESIAN_POINT('',(-61.33512319024,-3.802851082868,0.));
#198 = VECTOR('',#199,1.);
#199 = DIRECTION('',(0.,0.,1.));
#200 = ORIENTED_EDGE('',*,*,#201,.T.);
#201 = EDGE_CURVE('',#194,#202,#204,.T.);
#202 = VERTEX_POINT('',#203);
#203 = CARTESIAN_POINT('',(-62.24952501905,-3.802851082868,
    1.586156972314));
#204 = CIRCLE('',#205,0.457200914402);
#205 = AXIS2_PLACEMENT_3D('',#206,#207,#208);
#206 = CARTESIAN_POINT('',(-61.79232410464,-3.802851082868,
    1.586156972314));
#207 = DIRECTION('',(0.,0.,1.));
#208 = DIRECTION('',(1.,1.110223024625E-16,-0.));
#209 = ORIENTED_EDGE('',*,*,#210,.F.);
#210 = EDGE_CURVE('',#211,#202,#213,.T.);
#211 = VERTEX_POINT('',#212);
#212 = CARTESIAN_POINT('',(-62.24952501905,-3.802851082868,0.));
#213 = LINE('',#214,#215);
#214 = CARTESIAN_POINT('',(-62.24952501905,-3.802851082868,0.));
#215 = VECTOR('',#216,1.);
#216 = DIRECTION('',(0.,0.,1.));
#217 = ORIENTED_EDGE('',*,*,#218,.F.);
#218 = EDGE_CURVE('',#192,#211,#219,.T.);
#219 = CIRCLE('',#220,0.457200914402);
#220 = AXIS2_PLACEMENT_3D('',#221,#222,#223);
#221 = CARTESIAN_POINT('',(-61.79232410464,-3.802851082868,0.));
#222 = DIRECTION('',(0.,0.,1.));
#223 = DIRECTION('',(1.,1.110223024625E-16,-0.));
#224 = CYLINDRICAL_SURFACE('',#225,0.457200914402);
#225 = AXIS2_PLACEMENT_3D('',#226,#227,#228);
#226 = CARTESIAN_POINT('',(-61.79232410464,-3.802851082868,0.));
#227 = DIRECTION('',(-0.,-0.,-1.));
#228 = DIRECTION('',(1.,1.110223024625E-16,-0.));
#229 = ADVANCED_FACE('',(#230),#248,.F.);
#230 = FACE_BOUND('',#231,.T.);
#231 = EDGE_LOOP('',(#232,#233,#240,#241));
#232 = ORIENTED_EDGE('',*,*,#210,.T.);
#233 = ORIENTED_EDGE('',*,*,#234,.T.);
#234 = EDGE_CURVE('',#202,#194,#235,.T.);
#235 = CIRCLE('',#236,0.457200914402);
#236 = AXIS2_PLACEMENT_3D('',#237,#238,#239);
#237 = CARTESIAN_POINT('',(-61.79232410464,-3.802851082868,
    1.586156972314));
#238 = DIRECTION('',(0.,0.,1.));
#239 = DIRECTION('',(-1.,-1.110223024625E-16,0.));
#240 = ORIENTED_EDGE('',*,*,#191,.F.);
#241 = ORIENTED_EDGE('',*,*,#242,.F.);
#242 = EDGE_CURVE('',#211,#192,#243,.T.);
#243 = CIRCLE('',#244,0.457200914402);
#244 = AXIS2_PLACEMENT_3D('',#245,#246,#247);
#245 = CARTESIAN_POINT('',(-61.79232410464,-3.802851082868,0.));
#246 = DIRECTION('',(0.,0.,1.));
#247 = DIRECTION('',(-1.,-1.110223024625E-16,0.));
#248 = CYLINDRICAL_SURFACE('',#249,0.457200914402);
#249 = AXIS2_PLACEMENT_3D('',#250,#251,#252);
#250 = CARTESIAN_POINT('',(-61.79232410464,-3.802851082868,0.));
#251 = DIRECTION('',(-0.,-0.,-1.));
#252 = DIRECTION('',(-1.,-1.110223024625E-16,0.));
#253 = ADVANCED_FACE('',(#254),#290,.F.);
#254 = FACE_BOUND('',#255,.T.);
#255 = EDGE_LOOP('',(#256,#266,#275,#283));
#256 = ORIENTED_EDGE('',*,*,#257,.T.);
#257 = EDGE_CURVE('',#258,#260,#262,.T.);
#258 = VERTEX_POINT('',#259);
#259 = CARTESIAN_POINT('',(-61.33512319024,-6.85085717888,0.));
#260 = VERTEX_POINT('',#261);
#261 = CARTESIAN_POINT('',(-61.33512319024,-6.85085717888,1.586156972314
    ));
#262 = LINE('',#263,#264);
#263 = CARTESIAN_POINT('',(-61.33512319024,-6.85085717888,0.));
#264 = VECTOR('',#265,1.);
#265 = DIRECTION('',(0.,0.,1.));
#266 = ORIENTED_EDGE('',*,*,#267,.T.);
#267 = EDGE_CURVE('',#260,#268,#270,.T.);
#268 = VERTEX_POINT('',#269);
#269 = CARTESIAN_POINT('',(-62.24952501905,-6.85085717888,1.586156972314
    ));
#270 = CIRCLE('',#271,0.457200914402);
#271 = AXIS2_PLACEMENT_3D('',#272,#273,#274);
#272 = CARTESIAN_POINT('',(-61.79232410464,-6.85085717888,1.586156972314
    ));
#273 = DIRECTION('',(0.,0.,1.));
#274 = DIRECTION('',(1.,1.110223024625E-16,-0.));
#275 = ORIENTED_EDGE('',*,*,#276,.F.);
#276 = EDGE_CURVE('',#277,#268,#279,.T.);
#277 = VERTEX_POINT('',#278);
#278 = CARTESIAN_POINT('',(-62.24952501905,-6.85085717888,0.));
#279 = LINE('',#280,#281);
#280 = CARTESIAN_POINT('',(-62.24952501905,-6.85085717888,0.));
#281 = VECTOR('',#282,1.);
#282 = DIRECTION('',(0.,0.,1.));
#283 = ORIENTED_EDGE('',*,*,#284,.F.);
#284 = EDGE_CURVE('',#258,#277,#285,.T.);
#285 = CIRCLE('',#286,0.457200914402);
#286 = AXIS2_PLACEMENT_3D('',#287,#288,#289);
#287 = CARTESIAN_POINT('',(-61.79232410464,-6.85085717888,0.));
#288 = DIRECTION('',(0.,0.,1.));
#289 = DIRECTION('',(1.,1.110223024625E-16,-0.));
#290 = CYLINDRICAL_SURFACE('',#291,0.457200914402);
#291 = AXIS2_PLACEMENT_3D('',#292,#293,#294);
#292 = CARTESIAN_POINT('',(-61.79232410464,-6.85085717888,0.));
#293 = DIRECTION('',(-0.,-0.,-1.));
#294 = DIRECTION('',(1.,1.110223024625E-16,-0.));
#295 = ADVANCED_FACE('',(#296),#314,.F.);
#296 = FACE_BOUND('',#297,.T.);
#297 = EDGE_LOOP('',(#298,#299,#306,#307));
#298 = ORIENTED_EDGE('',*,*,#276,.T.);
#299 = ORIENTED_EDGE('',*,*,#300,.T.);
#300 = EDGE_CURVE('',#268,#260,#301,.T.);
#301 = CIRCLE('',#302,0.457200914402);
#302 = AXIS2_PLACEMENT_3D('',#303,#304,#305);
#303 = CARTESIAN_POINT('',(-61.79232410464,-6.85085717888,1.586156972314
    ));
#304 = DIRECTION('',(0.,0.,1.));
#305 = DIRECTION('',(-1.,-1.110223024625E-16,0.));
#306 = ORIENTED_EDGE('',*,*,#257,.F.);
#307 = ORIENTED_EDGE('',*,*,#308,.F.);
#308 = EDGE_CURVE('',#277,#258,#309,.T.);
#309 = CIRCLE('',#310,0.457200914402);
#310 = AXIS2_PLACEMENT_3D('',#311,#312,#313);
#311 = CARTESIAN_POINT('',(-61.79232410464,-6.85085717888,0.));
#312 = DIRECTION('',(0.,0.,1.));
#313 = DIRECTION('',(-1.,-1.110223024625E-16,0.));
#314 = CYLINDRICAL_SURFACE('',#315,0.457200914402);
#315 = AXIS2_PLACEMENT_3D('',#316,#317,#318);
#316 = CARTESIAN_POINT('',(-61.79232410464,-6.85085717888,0.));
#317 = DIRECTION('',(-0.,-0.,-1.));
#318 = DIRECTION('',(-1.,-1.110223024625E-16,0.));
#319 = ADVANCED_FACE('',(#320),#356,.F.);
#320 = FACE_BOUND('',#321,.T.);
#321 = EDGE_LOOP('',(#322,#332,#341,#349));
#322 = ORIENTED_EDGE('',*,*,#323,.T.);
#323 = EDGE_CURVE('',#324,#326,#328,.T.);
#324 = VERTEX_POINT('',#325);
#325 = CARTESIAN_POINT('',(-61.33512319024,-10.15286378289,0.));
#326 = VERTEX_POINT('',#327);
#327 = CARTESIAN_POINT('',(-61.33512319024,-10.15286378289,
    1.586156972314));
#328 = LINE('',#329,#330);
#329 = CARTESIAN_POINT('',(-61.33512319024,-10.15286378289,0.));
#330 = VECTOR('',#331,1.);
#331 = DIRECTION('',(0.,0.,1.));
#332 = ORIENTED_EDGE('',*,*,#333,.T.);
#333 = EDGE_CURVE('',#326,#334,#336,.T.);
#334 = VERTEX_POINT('',#335);
#335 = CARTESIAN_POINT('',(-62.24952501905,-10.15286378289,
    1.586156972314));
#336 = CIRCLE('',#337,0.457200914402);
#337 = AXIS2_PLACEMENT_3D('',#338,#339,#340);
#338 = CARTESIAN_POINT('',(-61.79232410464,-10.15286378289,
    1.586156972314));
#339 = DIRECTION('',(0.,0.,1.));
#340 = DIRECTION('',(1.,1.110223024625E-16,-0.));
#341 = ORIENTED_EDGE('',*,*,#342,.F.);
#342 = EDGE_CURVE('',#343,#334,#345,.T.);
#343 = VERTEX_POINT('',#344);
#344 = CARTESIAN_POINT('',(-62.24952501905,-10.15286378289,0.));
#345 = LINE('',#346,#347);
#346 = CARTESIAN_POINT('',(-62.24952501905,-10.15286378289,0.));
#347 = VECTOR('',#348,1.);
#348 = DIRECTION('',(0.,0.,1.));
#349 = ORIENTED_EDGE('',*,*,#350,.F.);
#350 = EDGE_CURVE('',#324,#343,#351,.T.);
#351 = CIRCLE('',#352,0.457200914402);
#352 = AXIS2_PLACEMENT_3D('',#353,#354,#355);
#353 = CARTESIAN_POINT('',(-61.79232410464,-10.15286378289,0.));
#354 = DIRECTION('',(0.,0.,1.));
#355 = DIRECTION('',(1.,1.110223024625E-16,-0.));
#356 = CYLINDRICAL_SURFACE('',#357,0.457200914402);
#357 = AXIS2_PLACEMENT_3D('',#358,#359,#360);
#358 = CARTESIAN_POINT('',(-61.79232410464,-10.15286378289,0.));
#359 = DIRECTION('',(-0.,-0.,-1.));
#360 = DIRECTION('',(1.,1.110223024625E-16,-0.));
#361 = ADVANCED_FACE('',(#362),#380,.F.);
#362 = FACE_BOUND('',#363,.T.);
#363 = EDGE_LOOP('',(#364,#365,#372,#373));
#364 = ORIENTED_EDGE('',*,*,#342,.T.);
#365 = ORIENTED_EDGE('',*,*,#366,.T.);
#366 = EDGE_CURVE('',#334,#326,#367,.T.);
#367 = CIRCLE('',#368,0.457200914402);
#368 = AXIS2_PLACEMENT_3D('',#369,#370,#371);
#369 = CARTESIAN_POINT('',(-61.79232410464,-10.15286378289,
    1.586156972314));
#370 = DIRECTION('',(0.,0.,1.));
#371 = DIRECTION('',(-1.,-1.110223024625E-16,0.));
#372 = ORIENTED_EDGE('',*,*,#323,.F.);
#373 = ORIENTED_EDGE('',*,*,#374,.F.);
#374 = EDGE_CURVE('',#343,#324,#375,.T.);
#375 = CIRCLE('',#376,0.457200914402);
#376 = AXIS2_PLACEMENT_3D('',#377,#378,#379);
#377 = CARTESIAN_POINT('',(-61.79232410464,-10.15286378289,0.));
#378 = DIRECTION('',(0.,0.,1.));
#379 = DIRECTION('',(-1.,-1.110223024625E-16,0.));
#380 = CYLINDRICAL_SURFACE('',#381,0.457200914402);
#381 = AXIS2_PLACEMENT_3D('',#382,#383,#384);
#382 = CARTESIAN_POINT('',(-61.79232410464,-10.15286378289,0.));
#383 = DIRECTION('',(-0.,-0.,-1.));
#384 = DIRECTION('',(-1.,-1.110223024625E-16,0.));
#385 = ADVANCED_FACE('',(#386),#422,.F.);
#386 = FACE_BOUND('',#387,.T.);
#387 = EDGE_LOOP('',(#388,#398,#407,#415));
#388 = ORIENTED_EDGE('',*,*,#389,.T.);
#389 = EDGE_CURVE('',#390,#392,#394,.T.);
#390 = VERTEX_POINT('',#391);
#391 = CARTESIAN_POINT('',(-61.33512319024,-13.3278701329,0.));
#392 = VERTEX_POINT('',#393);
#393 = CARTESIAN_POINT('',(-61.33512319024,-13.3278701329,1.586156972314
    ));
#394 = LINE('',#395,#396);
#395 = CARTESIAN_POINT('',(-61.33512319024,-13.3278701329,0.));
#396 = VECTOR('',#397,1.);
#397 = DIRECTION('',(0.,0.,1.));
#398 = ORIENTED_EDGE('',*,*,#399,.T.);
#399 = EDGE_CURVE('',#392,#400,#402,.T.);
#400 = VERTEX_POINT('',#401);
#401 = CARTESIAN_POINT('',(-62.24952501905,-13.3278701329,1.586156972314
    ));
#402 = CIRCLE('',#403,0.457200914402);
#403 = AXIS2_PLACEMENT_3D('',#404,#405,#406);
#404 = CARTESIAN_POINT('',(-61.79232410464,-13.3278701329,1.586156972314
    ));
#405 = DIRECTION('',(0.,0.,1.));
#406 = DIRECTION('',(1.,1.110223024625E-16,-0.));
#407 = ORIENTED_EDGE('',*,*,#408,.F.);
#408 = EDGE_CURVE('',#409,#400,#411,.T.);
#409 = VERTEX_POINT('',#410);
#410 = CARTESIAN_POINT('',(-62.24952501905,-13.3278701329,0.));
#411 = LINE('',#412,#413);
#412 = CARTESIAN_POINT('',(-62.24952501905,-13.3278701329,0.));
#413 = VECTOR('',#414,1.);
#414 = DIRECTION('',(0.,0.,1.));
#415 = ORIENTED_EDGE('',*,*,#416,.F.);
#416 = EDGE_CURVE('',#390,#409,#417,.T.);
#417 = CIRCLE('',#418,0.457200914402);
#418 = AXIS2_PLACEMENT_3D('',#419,#420,#421);
#419 = CARTESIAN_POINT('',(-61.79232410464,-13.3278701329,0.));
#420 = DIRECTION('',(0.,0.,1.));
#421 = DIRECTION('',(1.,1.110223024625E-16,-0.));
#422 = CYLINDRICAL_SURFACE('',#423,0.457200914402);
#423 = AXIS2_PLACEMENT_3D('',#424,#425,#426);
#424 = CARTESIAN_POINT('',(-61.79232410464,-13.3278701329,0.));
#425 = DIRECTION('',(-0.,-0.,-1.));
#426 = DIRECTION('',(1.,1.110223024625E-16,-0.));
#427 = ADVANCED_FACE('',(#428),#446,.F.);
#428 = FACE_BOUND('',#429,.T.);
#429 = EDGE_LOOP('',(#430,#431,#438,#439));
#430 = ORIENTED_EDGE('',*,*,#408,.T.);
#431 = ORIENTED_EDGE('',*,*,#432,.T.);
#432 = EDGE_CURVE('',#400,#392,#433,.T.);
#433 = CIRCLE('',#434,0.457200914402);
#434 = AXIS2_PLACEMENT_3D('',#435,#436,#437);
#435 = CARTESIAN_POINT('',(-61.79232410464,-13.3278701329,1.586156972314
    ));
#436 = DIRECTION('',(0.,0.,1.));
#437 = DIRECTION('',(-1.,-1.110223024625E-16,0.));
#438 = ORIENTED_EDGE('',*,*,#389,.F.);
#439 = ORIENTED_EDGE('',*,*,#440,.F.);
#440 = EDGE_CURVE('',#409,#390,#441,.T.);
#441 = CIRCLE('',#442,0.457200914402);
#442 = AXIS2_PLACEMENT_3D('',#443,#444,#445);
#443 = CARTESIAN_POINT('',(-61.79232410464,-13.3278701329,0.));
#444 = DIRECTION('',(0.,0.,1.));
#445 = DIRECTION('',(-1.,-1.110223024625E-16,0.));
#446 = CYLINDRICAL_SURFACE('',#447,0.457200914402);
#447 = AXIS2_PLACEMENT_3D('',#448,#449,#450);
#448 = CARTESIAN_POINT('',(-61.79232410464,-13.3278701329,0.));
#449 = DIRECTION('',(-0.,-0.,-1.));
#450 = DIRECTION('',(-1.,-1.110223024625E-16,0.));
#451 = ADVANCED_FACE('',(#452),#488,.F.);
#452 = FACE_BOUND('',#453,.T.);
#453 = EDGE_LOOP('',(#454,#464,#473,#481));
#454 = ORIENTED_EDGE('',*,*,#455,.T.);
#455 = EDGE_CURVE('',#456,#458,#460,.T.);
#456 = VERTEX_POINT('',#457);
#457 = CARTESIAN_POINT('',(-61.33512319024,-16.37587622891,0.));
#458 = VERTEX_POINT('',#459);
#459 = CARTESIAN_POINT('',(-61.33512319024,-16.37587622891,
    1.586156972314));
#460 = LINE('',#461,#462);
#461 = CARTESIAN_POINT('',(-61.33512319024,-16.37587622891,0.));
#462 = VECTOR('',#463,1.);
#463 = DIRECTION('',(0.,0.,1.));
#464 = ORIENTED_EDGE('',*,*,#465,.T.);
#465 = EDGE_CURVE('',#458,#466,#468,.T.);
#466 = VERTEX_POINT('',#467);
#467 = CARTESIAN_POINT('',(-62.24952501905,-16.37587622891,
    1.586156972314));
#468 = CIRCLE('',#469,0.457200914402);
#469 = AXIS2_PLACEMENT_3D('',#470,#471,#472);
#470 = CARTESIAN_POINT('',(-61.79232410464,-16.37587622891,
    1.586156972314));
#471 = DIRECTION('',(0.,0.,1.));
#472 = DIRECTION('',(1.,1.110223024625E-16,-0.));
#473 = ORIENTED_EDGE('',*,*,#474,.F.);
#474 = EDGE_CURVE('',#475,#466,#477,.T.);
#475 = VERTEX_POINT('',#476);
#476 = CARTESIAN_POINT('',(-62.24952501905,-16.37587622891,0.));
#477 = LINE('',#478,#479);
#478 = CARTESIAN_POINT('',(-62.24952501905,-16.37587622891,0.));
#479 = VECTOR('',#480,1.);
#480 = DIRECTION('',(0.,0.,1.));
#481 = ORIENTED_EDGE('',*,*,#482,.F.);
#482 = EDGE_CURVE('',#456,#475,#483,.T.);
#483 = CIRCLE('',#484,0.457200914402);
#484 = AXIS2_PLACEMENT_3D('',#485,#486,#487);
#485 = CARTESIAN_POINT('',(-61.79232410464,-16.37587622891,0.));
#486 = DIRECTION('',(0.,0.,1.));
#487 = DIRECTION('',(1.,1.110223024625E-16,-0.));
#488 = CYLINDRICAL_SURFACE('',#489,0.457200914402);
#489 = AXIS2_PLACEMENT_3D('',#490,#491,#492);
#490 = CARTESIAN_POINT('',(-61.79232410464,-16.37587622891,0.));
#491 = DIRECTION('',(-0.,-0.,-1.));
#492 = DIRECTION('',(1.,1.110223024625E-16,-0.));
#493 = ADVANCED_FACE('',(#494),#512,.F.);
#494 = FACE_BOUND('',#495,.T.);
#495 = EDGE_LOOP('',(#496,#497,#504,#505));
#496 = ORIENTED_EDGE('',*,*,#474,.T.);
#497 = ORIENTED_EDGE('',*,*,#498,.T.);
#498 = EDGE_CURVE('',#466,#458,#499,.T.);
#499 = CIRCLE('',#500,0.457200914402);
#500 = AXIS2_PLACEMENT_3D('',#501,#502,#503);
#501 = CARTESIAN_POINT('',(-61.79232410464,-16.37587622891,
    1.586156972314));
#502 = DIRECTION('',(0.,0.,1.));
#503 = DIRECTION('',(-1.,-1.110223024625E-16,0.));
#504 = ORIENTED_EDGE('',*,*,#455,.F.);
#505 = ORIENTED_EDGE('',*,*,#506,.F.);
#506 = EDGE_CURVE('',#475,#456,#507,.T.);
#507 = CIRCLE('',#508,0.457200914402);
#508 = AXIS2_PLACEMENT_3D('',#509,#510,#511);
#509 = CARTESIAN_POINT('',(-61.79232410464,-16.37587622891,0.));
#510 = DIRECTION('',(0.,0.,1.));
#511 = DIRECTION('',(-1.,-1.110223024625E-16,0.));
#512 = CYLINDRICAL_SURFACE('',#513,0.457200914402);
#513 = AXIS2_PLACEMENT_3D('',#514,#515,#516);
#514 = CARTESIAN_POINT('',(-61.79232410464,-16.37587622891,0.));
#515 = DIRECTION('',(-0.,-0.,-1.));
#516 = DIRECTION('',(-1.,-1.110223024625E-16,0.));
#517 = ADVANCED_FACE('',(#518),#554,.F.);
#518 = FACE_BOUND('',#519,.T.);
#519 = EDGE_LOOP('',(#520,#530,#539,#547));
#520 = ORIENTED_EDGE('',*,*,#521,.T.);
#521 = EDGE_CURVE('',#522,#524,#526,.T.);
#522 = VERTEX_POINT('',#523);
#523 = CARTESIAN_POINT('',(-61.33512319024,-19.29688207093,0.));
#524 = VERTEX_POINT('',#525);
#525 = CARTESIAN_POINT('',(-61.33512319024,-19.29688207093,
    1.586156972314));
#526 = LINE('',#527,#528);
#527 = CARTESIAN_POINT('',(-61.33512319024,-19.29688207093,0.));
#528 = VECTOR('',#529,1.);
#529 = DIRECTION('',(0.,0.,1.));
#530 = ORIENTED_EDGE('',*,*,#531,.T.);
#531 = EDGE_CURVE('',#524,#532,#534,.T.);
#532 = VERTEX_POINT('',#533);
#533 = CARTESIAN_POINT('',(-62.24952501905,-19.29688207093,
    1.586156972314));
#534 = CIRCLE('',#535,0.457200914402);
#535 = AXIS2_PLACEMENT_3D('',#536,#537,#538);
#536 = CARTESIAN_POINT('',(-61.79232410464,-19.29688207093,
    1.586156972314));
#537 = DIRECTION('',(0.,0.,1.));
#538 = DIRECTION('',(1.,1.110223024625E-16,-0.));
#539 = ORIENTED_EDGE('',*,*,#540,.F.);
#540 = EDGE_CURVE('',#541,#532,#543,.T.);
#541 = VERTEX_POINT('',#542);
#542 = CARTESIAN_POINT('',(-62.24952501905,-19.29688207093,0.));
#543 = LINE('',#544,#545);
#544 = CARTESIAN_POINT('',(-62.24952501905,-19.29688207093,0.));
#545 = VECTOR('',#546,1.);
#546 = DIRECTION('',(0.,0.,1.));
#547 = ORIENTED_EDGE('',*,*,#548,.F.);
#548 = EDGE_CURVE('',#522,#541,#549,.T.);
#549 = CIRCLE('',#550,0.457200914402);
#550 = AXIS2_PLACEMENT_3D('',#551,#552,#553);
#551 = CARTESIAN_POINT('',(-61.79232410464,-19.29688207093,0.));
#552 = DIRECTION('',(0.,0.,1.));
#553 = DIRECTION('',(1.,1.110223024625E-16,-0.));
#554 = CYLINDRICAL_SURFACE('',#555,0.457200914402);
#555 = AXIS2_PLACEMENT_3D('',#556,#557,#558);
#556 = CARTESIAN_POINT('',(-61.79232410464,-19.29688207093,0.));
#557 = DIRECTION('',(-0.,-0.,-1.));
#558 = DIRECTION('',(1.,1.110223024625E-16,-0.));
#559 = ADVANCED_FACE('',(#560),#578,.F.);
#560 = FACE_BOUND('',#561,.T.);
#561 = EDGE_LOOP('',(#562,#563,#570,#571));
#562 = ORIENTED_EDGE('',*,*,#540,.T.);
#563 = ORIENTED_EDGE('',*,*,#564,.T.);
#564 = EDGE_CURVE('',#532,#524,#565,.T.);
#565 = CIRCLE('',#566,0.457200914402);
#566 = AXIS2_PLACEMENT_3D('',#567,#568,#569);
#567 = CARTESIAN_POINT('',(-61.79232410464,-19.29688207093,
    1.586156972314));
#568 = DIRECTION('',(0.,0.,1.));
#569 = DIRECTION('',(-1.,-1.110223024625E-16,0.));
#570 = ORIENTED_EDGE('',*,*,#521,.F.);
#571 = ORIENTED_EDGE('',*,*,#572,.F.);
#572 = EDGE_CURVE('',#541,#522,#573,.T.);
#573 = CIRCLE('',#574,0.457200914402);
#574 = AXIS2_PLACEMENT_3D('',#575,#576,#577);
#575 = CARTESIAN_POINT('',(-61.79232410464,-19.29688207093,0.));
#576 = DIRECTION('',(0.,0.,1.));
#577 = DIRECTION('',(-1.,-1.110223024625E-16,0.));
#578 = CYLINDRICAL_SURFACE('',#579,0.457200914402);
#579 = AXIS2_PLACEMENT_3D('',#580,#581,#582);
#580 = CARTESIAN_POINT('',(-61.79232410464,-19.29688207093,0.));
#581 = DIRECTION('',(-0.,-0.,-1.));
#582 = DIRECTION('',(-1.,-1.110223024625E-16,0.));
#583 = ADVANCED_FACE('',(#584),#620,.F.);
#584 = FACE_BOUND('',#585,.T.);
#585 = EDGE_LOOP('',(#586,#596,#605,#613));
#586 = ORIENTED_EDGE('',*,*,#587,.T.);
#587 = EDGE_CURVE('',#588,#590,#592,.T.);
#588 = VERTEX_POINT('',#589);
#589 = CARTESIAN_POINT('',(-61.33512319024,-21.83688715094,0.));
#590 = VERTEX_POINT('',#591);
#591 = CARTESIAN_POINT('',(-61.33512319024,-21.83688715094,
    1.586156972314));
#592 = LINE('',#593,#594);
#593 = CARTESIAN_POINT('',(-61.33512319024,-21.83688715094,0.));
#594 = VECTOR('',#595,1.);
#595 = DIRECTION('',(0.,0.,1.));
#596 = ORIENTED_EDGE('',*,*,#597,.T.);
#597 = EDGE_CURVE('',#590,#598,#600,.T.);
#598 = VERTEX_POINT('',#599);
#599 = CARTESIAN_POINT('',(-62.24952501905,-21.83688715094,
    1.586156972314));
#600 = CIRCLE('',#601,0.457200914402);
#601 = AXIS2_PLACEMENT_3D('',#602,#603,#604);
#602 = CARTESIAN_POINT('',(-61.79232410464,-21.83688715094,
    1.586156972314));
#603 = DIRECTION('',(0.,0.,1.));
#604 = DIRECTION('',(1.,1.110223024625E-16,-0.));
#605 = ORIENTED_EDGE('',*,*,#606,.F.);
#606 = EDGE_CURVE('',#607,#598,#609,.T.);
#607 = VERTEX_POINT('',#608);
#608 = CARTESIAN_POINT('',(-62.24952501905,-21.83688715094,0.));
#609 = LINE('',#610,#611);
#610 = CARTESIAN_POINT('',(-62.24952501905,-21.83688715094,0.));
#611 = VECTOR('',#612,1.);
#612 = DIRECTION('',(0.,0.,1.));
#613 = ORIENTED_EDGE('',*,*,#614,.F.);
#614 = EDGE_CURVE('',#588,#607,#615,.T.);
#615 = CIRCLE('',#616,0.457200914402);
#616 = AXIS2_PLACEMENT_3D('',#617,#618,#619);
#617 = CARTESIAN_POINT('',(-61.79232410464,-21.83688715094,0.));
#618 = DIRECTION('',(0.,0.,1.));
#619 = DIRECTION('',(1.,1.110223024625E-16,-0.));
#620 = CYLINDRICAL_SURFACE('',#621,0.457200914402);
#621 = AXIS2_PLACEMENT_3D('',#622,#623,#624);
#622 = CARTESIAN_POINT('',(-61.79232410464,-21.83688715094,0.));
#623 = DIRECTION('',(-0.,-0.,-1.));
#624 = DIRECTION('',(1.,1.110223024625E-16,-0.));
#625 = ADVANCED_FACE('',(#626),#644,.F.);
#626 = FACE_BOUND('',#627,.T.);
#627 = EDGE_LOOP('',(#628,#629,#636,#637));
#628 = ORIENTED_EDGE('',*,*,#606,.T.);
#629 = ORIENTED_EDGE('',*,*,#630,.T.);
#630 = EDGE_CURVE('',#598,#590,#631,.T.);
#631 = CIRCLE('',#632,0.457200914402);
#632 = AXIS2_PLACEMENT_3D('',#633,#634,#635);
#633 = CARTESIAN_POINT('',(-61.79232410464,-21.83688715094,
    1.586156972314));
#634 = DIRECTION('',(0.,0.,1.));
#635 = DIRECTION('',(-1.,-1.110223024625E-16,0.));
#636 = ORIENTED_EDGE('',*,*,#587,.F.);
#637 = ORIENTED_EDGE('',*,*,#638,.F.);
#638 = EDGE_CURVE('',#607,#588,#639,.T.);
#639 = CIRCLE('',#640,0.457200914402);
#640 = AXIS2_PLACEMENT_3D('',#641,#642,#643);
#641 = CARTESIAN_POINT('',(-61.79232410464,-21.83688715094,0.));
#642 = DIRECTION('',(0.,0.,1.));
#643 = DIRECTION('',(-1.,-1.110223024625E-16,0.));
#644 = CYLINDRICAL_SURFACE('',#645,0.457200914402);
#645 = AXIS2_PLACEMENT_3D('',#646,#647,#648);
#646 = CARTESIAN_POINT('',(-61.79232410464,-21.83688715094,0.));
#647 = DIRECTION('',(-0.,-0.,-1.));
#648 = DIRECTION('',(-1.,-1.110223024625E-16,0.));
#649 = ADVANCED_FACE('',(#650),#686,.F.);
#650 = FACE_BOUND('',#651,.T.);
#651 = EDGE_LOOP('',(#652,#662,#671,#679));
#652 = ORIENTED_EDGE('',*,*,#653,.T.);
#653 = EDGE_CURVE('',#654,#656,#658,.T.);
#654 = VERTEX_POINT('',#655);
#655 = CARTESIAN_POINT('',(-61.33512319024,8.643173809182,0.));
#656 = VERTEX_POINT('',#657);
#657 = CARTESIAN_POINT('',(-61.33512319024,8.643173809182,1.586156972314
    ));
#658 = LINE('',#659,#660);
#659 = CARTESIAN_POINT('',(-61.33512319024,8.643173809182,0.));
#660 = VECTOR('',#661,1.);
#661 = DIRECTION('',(0.,0.,1.));
#662 = ORIENTED_EDGE('',*,*,#663,.T.);
#663 = EDGE_CURVE('',#656,#664,#666,.T.);
#664 = VERTEX_POINT('',#665);
#665 = CARTESIAN_POINT('',(-62.24952501905,8.643173809182,1.586156972314
    ));
#666 = CIRCLE('',#667,0.457200914402);
#667 = AXIS2_PLACEMENT_3D('',#668,#669,#670);
#668 = CARTESIAN_POINT('',(-61.79232410464,8.643173809182,1.586156972314
    ));
#669 = DIRECTION('',(0.,0.,1.));
#670 = DIRECTION('',(1.,1.110223024625E-16,-0.));
#671 = ORIENTED_EDGE('',*,*,#672,.F.);
#672 = EDGE_CURVE('',#673,#664,#675,.T.);
#673 = VERTEX_POINT('',#674);
#674 = CARTESIAN_POINT('',(-62.24952501905,8.643173809182,0.));
#675 = LINE('',#676,#677);
#676 = CARTESIAN_POINT('',(-62.24952501905,8.643173809182,0.));
#677 = VECTOR('',#678,1.);
#678 = DIRECTION('',(0.,0.,1.));
#679 = ORIENTED_EDGE('',*,*,#680,.F.);
#680 = EDGE_CURVE('',#654,#673,#681,.T.);
#681 = CIRCLE('',#682,0.457200914402);
#682 = AXIS2_PLACEMENT_3D('',#683,#684,#685);
#683 = CARTESIAN_POINT('',(-61.79232410464,8.643173809182,0.));
#684 = DIRECTION('',(0.,0.,1.));
#685 = DIRECTION('',(1.,1.110223024625E-16,-0.));
#686 = CYLINDRICAL_SURFACE('',#687,0.457200914402);
#687 = AXIS2_PLACEMENT_3D('',#688,#689,#690);
#688 = CARTESIAN_POINT('',(-61.79232410464,8.643173809182,0.));
#689 = DIRECTION('',(-0.,-0.,-1.));
#690 = DIRECTION('',(1.,1.110223024625E-16,-0.));
#691 = ADVANCED_FACE('',(#692),#710,.F.);
#692 = FACE_BOUND('',#693,.T.);
#693 = EDGE_LOOP('',(#694,#695,#702,#703));
#694 = ORIENTED_EDGE('',*,*,#672,.T.);
#695 = ORIENTED_EDGE('',*,*,#696,.T.);
#696 = EDGE_CURVE('',#664,#656,#697,.T.);
#697 = CIRCLE('',#698,0.457200914402);
#698 = AXIS2_PLACEMENT_3D('',#699,#700,#701);
#699 = CARTESIAN_POINT('',(-61.79232410464,8.643173809182,1.586156972314
    ));
#700 = DIRECTION('',(0.,0.,1.));
#701 = DIRECTION('',(-1.,-1.110223024625E-16,0.));
#702 = ORIENTED_EDGE('',*,*,#653,.F.);
#703 = ORIENTED_EDGE('',*,*,#704,.F.);
#704 = EDGE_CURVE('',#673,#654,#705,.T.);
#705 = CIRCLE('',#706,0.457200914402);
#706 = AXIS2_PLACEMENT_3D('',#707,#708,#709);
#707 = CARTESIAN_POINT('',(-61.79232410464,8.643173809182,0.));
#708 = DIRECTION('',(0.,0.,1.));
#709 = DIRECTION('',(-1.,-1.110223024625E-16,0.));
#710 = CYLINDRICAL_SURFACE('',#711,0.457200914402);
#711 = AXIS2_PLACEMENT_3D('',#712,#713,#714);
#712 = CARTESIAN_POINT('',(-61.79232410464,8.643173809182,0.));
#713 = DIRECTION('',(-0.,-0.,-1.));
#714 = DIRECTION('',(-1.,-1.110223024625E-16,0.));
#715 = ADVANCED_FACE('',(#716),#752,.F.);
#716 = FACE_BOUND('',#717,.T.);
#717 = EDGE_LOOP('',(#718,#728,#737,#745));
#718 = ORIENTED_EDGE('',*,*,#719,.T.);
#719 = EDGE_CURVE('',#720,#722,#724,.T.);
#720 = VERTEX_POINT('',#721);
#721 = CARTESIAN_POINT('',(-61.33512319024,5.72216796717,0.));
#722 = VERTEX_POINT('',#723);
#723 = CARTESIAN_POINT('',(-61.33512319024,5.72216796717,1.586156972314)
  );
#724 = LINE('',#725,#726);
#725 = CARTESIAN_POINT('',(-61.33512319024,5.72216796717,0.));
#726 = VECTOR('',#727,1.);
#727 = DIRECTION('',(0.,0.,1.));
#728 = ORIENTED_EDGE('',*,*,#729,.T.);
#729 = EDGE_CURVE('',#722,#730,#732,.T.);
#730 = VERTEX_POINT('',#731);
#731 = CARTESIAN_POINT('',(-62.24952501905,5.72216796717,1.586156972314)
  );
#732 = CIRCLE('',#733,0.457200914402);
#733 = AXIS2_PLACEMENT_3D('',#734,#735,#736);
#734 = CARTESIAN_POINT('',(-61.79232410464,5.72216796717,1.586156972314)
  );
#735 = DIRECTION('',(0.,0.,1.));
#736 = DIRECTION('',(1.,1.110223024625E-16,-0.));
#737 = ORIENTED_EDGE('',*,*,#738,.F.);
#738 = EDGE_CURVE('',#739,#730,#741,.T.);
#739 = VERTEX_POINT('',#740);
#740 = CARTESIAN_POINT('',(-62.24952501905,5.72216796717,0.));
#741 = LINE('',#742,#743);
#742 = CARTESIAN_POINT('',(-62.24952501905,5.72216796717,0.));
#743 = VECTOR('',#744,1.);
#744 = DIRECTION('',(0.,0.,1.));
#745 = ORIENTED_EDGE('',*,*,#746,.F.);
#746 = EDGE_CURVE('',#720,#739,#747,.T.);
#747 = CIRCLE('',#748,0.457200914402);
#748 = AXIS2_PLACEMENT_3D('',#749,#750,#751);
#749 = CARTESIAN_POINT('',(-61.79232410464,5.72216796717,0.));
#750 = DIRECTION('',(0.,0.,1.));
#751 = DIRECTION('',(1.,1.110223024625E-16,-0.));
#752 = CYLINDRICAL_SURFACE('',#753,0.457200914402);
#753 = AXIS2_PLACEMENT_3D('',#754,#755,#756);
#754 = CARTESIAN_POINT('',(-61.79232410464,5.72216796717,0.));
#755 = DIRECTION('',(-0.,-0.,-1.));
#756 = DIRECTION('',(1.,1.110223024625E-16,-0.));
#757 = ADVANCED_FACE('',(#758),#776,.F.);
#758 = FACE_BOUND('',#759,.T.);
#759 = EDGE_LOOP('',(#760,#761,#768,#769));
#760 = ORIENTED_EDGE('',*,*,#738,.T.);
#761 = ORIENTED_EDGE('',*,*,#762,.T.);
#762 = EDGE_CURVE('',#730,#722,#763,.T.);
#763 = CIRCLE('',#764,0.457200914402);
#764 = AXIS2_PLACEMENT_3D('',#765,#766,#767);
#765 = CARTESIAN_POINT('',(-61.79232410464,5.72216796717,1.586156972314)
  );
#766 = DIRECTION('',(0.,0.,1.));
#767 = DIRECTION('',(-1.,-1.110223024625E-16,0.));
#768 = ORIENTED_EDGE('',*,*,#719,.F.);
#769 = ORIENTED_EDGE('',*,*,#770,.F.);
#770 = EDGE_CURVE('',#739,#720,#771,.T.);
#771 = CIRCLE('',#772,0.457200914402);
#772 = AXIS2_PLACEMENT_3D('',#773,#774,#775);
#773 = CARTESIAN_POINT('',(-61.79232410464,5.72216796717,0.));
#774 = DIRECTION('',(0.,0.,1.));
#775 = DIRECTION('',(-1.,-1.110223024625E-16,0.));
#776 = CYLINDRICAL_SURFACE('',#777,0.457200914402);
#777 = AXIS2_PLACEMENT_3D('',#778,#779,#780);
#778 = CARTESIAN_POINT('',(-61.79232410464,5.72216796717,0.));
#779 = DIRECTION('',(-0.,-0.,-1.));
#780 = DIRECTION('',(-1.,-1.110223024625E-16,0.));
#781 = ADVANCED_FACE('',(#782),#818,.F.);
#782 = FACE_BOUND('',#783,.T.);
#783 = EDGE_LOOP('',(#784,#794,#803,#811));
#784 = ORIENTED_EDGE('',*,*,#785,.T.);
#785 = EDGE_CURVE('',#786,#788,#790,.T.);
#786 = VERTEX_POINT('',#787);
#787 = CARTESIAN_POINT('',(-61.33512319024,2.801162125158,0.));
#788 = VERTEX_POINT('',#789);
#789 = CARTESIAN_POINT('',(-61.33512319024,2.801162125158,1.586156972314
    ));
#790 = LINE('',#791,#792);
#791 = CARTESIAN_POINT('',(-61.33512319024,2.801162125158,0.));
#792 = VECTOR('',#793,1.);
#793 = DIRECTION('',(0.,0.,1.));
#794 = ORIENTED_EDGE('',*,*,#795,.T.);
#795 = EDGE_CURVE('',#788,#796,#798,.T.);
#796 = VERTEX_POINT('',#797);
#797 = CARTESIAN_POINT('',(-62.24952501905,2.801162125158,1.586156972314
    ));
#798 = CIRCLE('',#799,0.457200914402);
#799 = AXIS2_PLACEMENT_3D('',#800,#801,#802);
#800 = CARTESIAN_POINT('',(-61.79232410464,2.801162125158,1.586156972314
    ));
#801 = DIRECTION('',(0.,0.,1.));
#802 = DIRECTION('',(1.,1.110223024625E-16,-0.));
#803 = ORIENTED_EDGE('',*,*,#804,.F.);
#804 = EDGE_CURVE('',#805,#796,#807,.T.);
#805 = VERTEX_POINT('',#806);
#806 = CARTESIAN_POINT('',(-62.24952501905,2.801162125158,0.));
#807 = LINE('',#808,#809);
#808 = CARTESIAN_POINT('',(-62.24952501905,2.801162125158,0.));
#809 = VECTOR('',#810,1.);
#810 = DIRECTION('',(0.,0.,1.));
#811 = ORIENTED_EDGE('',*,*,#812,.F.);
#812 = EDGE_CURVE('',#786,#805,#813,.T.);
#813 = CIRCLE('',#814,0.457200914402);
#814 = AXIS2_PLACEMENT_3D('',#815,#816,#817);
#815 = CARTESIAN_POINT('',(-61.79232410464,2.801162125158,0.));
#816 = DIRECTION('',(0.,0.,1.));
#817 = DIRECTION('',(1.,1.110223024625E-16,-0.));
#818 = CYLINDRICAL_SURFACE('',#819,0.457200914402);
#819 = AXIS2_PLACEMENT_3D('',#820,#821,#822);
#820 = CARTESIAN_POINT('',(-61.79232410464,2.801162125158,0.));
#821 = DIRECTION('',(-0.,-0.,-1.));
#822 = DIRECTION('',(1.,1.110223024625E-16,-0.));
#823 = ADVANCED_FACE('',(#824),#842,.F.);
#824 = FACE_BOUND('',#825,.T.);
#825 = EDGE_LOOP('',(#826,#827,#834,#835));
#826 = ORIENTED_EDGE('',*,*,#804,.T.);
#827 = ORIENTED_EDGE('',*,*,#828,.T.);
#828 = EDGE_CURVE('',#796,#788,#829,.T.);
#829 = CIRCLE('',#830,0.457200914402);
#830 = AXIS2_PLACEMENT_3D('',#831,#832,#833);
#831 = CARTESIAN_POINT('',(-61.79232410464,2.801162125158,1.586156972314
    ));
#832 = DIRECTION('',(0.,0.,1.));
#833 = DIRECTION('',(-1.,-1.110223024625E-16,0.));
#834 = ORIENTED_EDGE('',*,*,#785,.F.);
#835 = ORIENTED_EDGE('',*,*,#836,.F.);
#836 = EDGE_CURVE('',#805,#786,#837,.T.);
#837 = CIRCLE('',#838,0.457200914402);
#838 = AXIS2_PLACEMENT_3D('',#839,#840,#841);
#839 = CARTESIAN_POINT('',(-61.79232410464,2.801162125158,0.));
#840 = DIRECTION('',(0.,0.,1.));
#841 = DIRECTION('',(-1.,-1.110223024625E-16,0.));
#842 = CYLINDRICAL_SURFACE('',#843,0.457200914402);
#843 = AXIS2_PLACEMENT_3D('',#844,#845,#846);
#844 = CARTESIAN_POINT('',(-61.79232410464,2.801162125158,0.));
#845 = DIRECTION('',(-0.,-0.,-1.));
#846 = DIRECTION('',(-1.,-1.110223024625E-16,0.));
#847 = ADVANCED_FACE('',(#848),#884,.F.);
#848 = FACE_BOUND('',#849,.T.);
#849 = EDGE_LOOP('',(#850,#860,#869,#877));
#850 = ORIENTED_EDGE('',*,*,#851,.T.);
#851 = EDGE_CURVE('',#852,#854,#856,.T.);
#852 = VERTEX_POINT('',#853);
#853 = CARTESIAN_POINT('',(-61.33512319024,-0.500844478855,0.));
#854 = VERTEX_POINT('',#855);
#855 = CARTESIAN_POINT('',(-61.33512319024,-0.500844478855,
    1.586156972314));
#856 = LINE('',#857,#858);
#857 = CARTESIAN_POINT('',(-61.33512319024,-0.500844478855,0.));
#858 = VECTOR('',#859,1.);
#859 = DIRECTION('',(0.,0.,1.));
#860 = ORIENTED_EDGE('',*,*,#861,.T.);
#861 = EDGE_CURVE('',#854,#862,#864,.T.);
#862 = VERTEX_POINT('',#863);
#863 = CARTESIAN_POINT('',(-62.24952501905,-0.500844478855,
    1.586156972314));
#864 = CIRCLE('',#865,0.457200914402);
#865 = AXIS2_PLACEMENT_3D('',#866,#867,#868);
#866 = CARTESIAN_POINT('',(-61.79232410464,-0.500844478855,
    1.586156972314));
#867 = DIRECTION('',(0.,0.,1.));
#868 = DIRECTION('',(1.,1.110223024625E-16,-0.));
#869 = ORIENTED_EDGE('',*,*,#870,.F.);
#870 = EDGE_CURVE('',#871,#862,#873,.T.);
#871 = VERTEX_POINT('',#872);
#872 = CARTESIAN_POINT('',(-62.24952501905,-0.500844478855,0.));
#873 = LINE('',#874,#875);
#874 = CARTESIAN_POINT('',(-62.24952501905,-0.500844478855,0.));
#875 = VECTOR('',#876,1.);
#876 = DIRECTION('',(0.,0.,1.));
#877 = ORIENTED_EDGE('',*,*,#878,.F.);
#878 = EDGE_CURVE('',#852,#871,#879,.T.);
#879 = CIRCLE('',#880,0.457200914402);
#880 = AXIS2_PLACEMENT_3D('',#881,#882,#883);
#881 = CARTESIAN_POINT('',(-61.79232410464,-0.500844478855,0.));
#882 = DIRECTION('',(0.,0.,1.));
#883 = DIRECTION('',(1.,1.110223024625E-16,-0.));
#884 = CYLINDRICAL_SURFACE('',#885,0.457200914402);
#885 = AXIS2_PLACEMENT_3D('',#886,#887,#888);
#886 = CARTESIAN_POINT('',(-61.79232410464,-0.500844478855,0.));
#887 = DIRECTION('',(-0.,-0.,-1.));
#888 = DIRECTION('',(1.,1.110223024625E-16,-0.));
#889 = ADVANCED_FACE('',(#890),#908,.F.);
#890 = FACE_BOUND('',#891,.T.);
#891 = EDGE_LOOP('',(#892,#893,#900,#901));
#892 = ORIENTED_EDGE('',*,*,#870,.T.);
#893 = ORIENTED_EDGE('',*,*,#894,.T.);
#894 = EDGE_CURVE('',#862,#854,#895,.T.);
#895 = CIRCLE('',#896,0.457200914402);
#896 = AXIS2_PLACEMENT_3D('',#897,#898,#899);
#897 = CARTESIAN_POINT('',(-61.79232410464,-0.500844478855,
    1.586156972314));
#898 = DIRECTION('',(0.,0.,1.));
#899 = DIRECTION('',(-1.,-1.110223024625E-16,0.));
#900 = ORIENTED_EDGE('',*,*,#851,.F.);
#901 = ORIENTED_EDGE('',*,*,#902,.F.);
#902 = EDGE_CURVE('',#871,#852,#903,.T.);
#903 = CIRCLE('',#904,0.457200914402);
#904 = AXIS2_PLACEMENT_3D('',#905,#906,#907);
#905 = CARTESIAN_POINT('',(-61.79232410464,-0.500844478855,0.));
#906 = DIRECTION('',(0.,0.,1.));
#907 = DIRECTION('',(-1.,-1.110223024625E-16,0.));
#908 = CYLINDRICAL_SURFACE('',#909,0.457200914402);
#909 = AXIS2_PLACEMENT_3D('',#910,#911,#912);
#910 = CARTESIAN_POINT('',(-61.79232410464,-0.500844478855,0.));
#911 = DIRECTION('',(-0.,-0.,-1.));
#912 = DIRECTION('',(-1.,-1.110223024625E-16,0.));
#913 = ADVANCED_FACE('',(#914),#950,.F.);
#914 = FACE_BOUND('',#915,.T.);
#915 = EDGE_LOOP('',(#916,#926,#935,#943));
#916 = ORIENTED_EDGE('',*,*,#917,.T.);
#917 = EDGE_CURVE('',#918,#920,#922,.T.);
#918 = VERTEX_POINT('',#919);
#919 = CARTESIAN_POINT('',(-61.33512319024,17.533191589217,0.));
#920 = VERTEX_POINT('',#921);
#921 = CARTESIAN_POINT('',(-61.33512319024,17.533191589217,
    1.586156972314));
#922 = LINE('',#923,#924);
#923 = CARTESIAN_POINT('',(-61.33512319024,17.533191589217,0.));
#924 = VECTOR('',#925,1.);
#925 = DIRECTION('',(0.,0.,1.));
#926 = ORIENTED_EDGE('',*,*,#927,.T.);
#927 = EDGE_CURVE('',#920,#928,#930,.T.);
#928 = VERTEX_POINT('',#929);
#929 = CARTESIAN_POINT('',(-62.24952501905,17.533191589217,
    1.586156972314));
#930 = CIRCLE('',#931,0.457200914402);
#931 = AXIS2_PLACEMENT_3D('',#932,#933,#934);
#932 = CARTESIAN_POINT('',(-61.79232410464,17.533191589217,
    1.586156972314));
#933 = DIRECTION('',(0.,0.,1.));
#934 = DIRECTION('',(1.,1.110223024625E-16,-0.));
#935 = ORIENTED_EDGE('',*,*,#936,.F.);
#936 = EDGE_CURVE('',#937,#928,#939,.T.);
#937 = VERTEX_POINT('',#938);
#938 = CARTESIAN_POINT('',(-62.24952501905,17.533191589217,0.));
#939 = LINE('',#940,#941);
#940 = CARTESIAN_POINT('',(-62.24952501905,17.533191589217,0.));
#941 = VECTOR('',#942,1.);
#942 = DIRECTION('',(0.,0.,1.));
#943 = ORIENTED_EDGE('',*,*,#944,.F.);
#944 = EDGE_CURVE('',#918,#937,#945,.T.);
#945 = CIRCLE('',#946,0.457200914402);
#946 = AXIS2_PLACEMENT_3D('',#947,#948,#949);
#947 = CARTESIAN_POINT('',(-61.79232410464,17.533191589217,0.));
#948 = DIRECTION('',(0.,0.,1.));
#949 = DIRECTION('',(1.,1.110223024625E-16,-0.));
#950 = CYLINDRICAL_SURFACE('',#951,0.457200914402);
#951 = AXIS2_PLACEMENT_3D('',#952,#953,#954);
#952 = CARTESIAN_POINT('',(-61.79232410464,17.533191589217,0.));
#953 = DIRECTION('',(-0.,-0.,-1.));
#954 = DIRECTION('',(1.,1.110223024625E-16,-0.));
#955 = ADVANCED_FACE('',(#956),#974,.F.);
#956 = FACE_BOUND('',#957,.T.);
#957 = EDGE_LOOP('',(#958,#959,#966,#967));
#958 = ORIENTED_EDGE('',*,*,#936,.T.);
#959 = ORIENTED_EDGE('',*,*,#960,.T.);
#960 = EDGE_CURVE('',#928,#920,#961,.T.);
#961 = CIRCLE('',#962,0.457200914402);
#962 = AXIS2_PLACEMENT_3D('',#963,#964,#965);
#963 = CARTESIAN_POINT('',(-61.79232410464,17.533191589217,
    1.586156972314));
#964 = DIRECTION('',(0.,0.,1.));
#965 = DIRECTION('',(-1.,-1.110223024625E-16,0.));
#966 = ORIENTED_EDGE('',*,*,#917,.F.);
#967 = ORIENTED_EDGE('',*,*,#968,.F.);
#968 = EDGE_CURVE('',#937,#918,#969,.T.);
#969 = CIRCLE('',#970,0.457200914402);
#970 = AXIS2_PLACEMENT_3D('',#971,#972,#973);
#971 = CARTESIAN_POINT('',(-61.79232410464,17.533191589217,0.));
#972 = DIRECTION('',(0.,0.,1.));
#973 = DIRECTION('',(-1.,-1.110223024625E-16,0.));
#974 = CYLINDRICAL_SURFACE('',#975,0.457200914402);
#975 = AXIS2_PLACEMENT_3D('',#976,#977,#978);
#976 = CARTESIAN_POINT('',(-61.79232410464,17.533191589217,0.));
#977 = DIRECTION('',(-0.,-0.,-1.));
#978 = DIRECTION('',(-1.,-1.110223024625E-16,0.));
#979 = ADVANCED_FACE('',(#980),#1016,.F.);
#980 = FACE_BOUND('',#981,.T.);
#981 = EDGE_LOOP('',(#982,#992,#1001,#1009));
#982 = ORIENTED_EDGE('',*,*,#983,.T.);
#983 = EDGE_CURVE('',#984,#986,#988,.T.);
#984 = VERTEX_POINT('',#985);
#985 = CARTESIAN_POINT('',(-61.33512319024,14.866186255207,0.));
#986 = VERTEX_POINT('',#987);
#987 = CARTESIAN_POINT('',(-61.33512319024,14.866186255207,
    1.586156972314));
#988 = LINE('',#989,#990);
#989 = CARTESIAN_POINT('',(-61.33512319024,14.866186255207,0.));
#990 = VECTOR('',#991,1.);
#991 = DIRECTION('',(0.,0.,1.));
#992 = ORIENTED_EDGE('',*,*,#993,.T.);
#993 = EDGE_CURVE('',#986,#994,#996,.T.);
#994 = VERTEX_POINT('',#995);
#995 = CARTESIAN_POINT('',(-62.24952501905,14.866186255207,
    1.586156972314));
#996 = CIRCLE('',#997,0.457200914402);
#997 = AXIS2_PLACEMENT_3D('',#998,#999,#1000);
#998 = CARTESIAN_POINT('',(-61.79232410464,14.866186255207,
    1.586156972314));
#999 = DIRECTION('',(0.,0.,1.));
#1000 = DIRECTION('',(1.,1.110223024625E-16,-0.));
#1001 = ORIENTED_EDGE('',*,*,#1002,.F.);
#1002 = EDGE_CURVE('',#1003,#994,#1005,.T.);
#1003 = VERTEX_POINT('',#1004);
#1004 = CARTESIAN_POINT('',(-62.24952501905,14.866186255207,0.));
#1005 = LINE('',#1006,#1007);
#1006 = CARTESIAN_POINT('',(-62.24952501905,14.866186255207,0.));
#1007 = VECTOR('',#1008,1.);
#1008 = DIRECTION('',(0.,0.,1.));
#1009 = ORIENTED_EDGE('',*,*,#1010,.F.);
#1010 = EDGE_CURVE('',#984,#1003,#1011,.T.);
#1011 = CIRCLE('',#1012,0.457200914402);
#1012 = AXIS2_PLACEMENT_3D('',#1013,#1014,#1015);
#1013 = CARTESIAN_POINT('',(-61.79232410464,14.866186255207,0.));
#1014 = DIRECTION('',(0.,0.,1.));
#1015 = DIRECTION('',(1.,1.110223024625E-16,-0.));
#1016 = CYLINDRICAL_SURFACE('',#1017,0.457200914402);
#1017 = AXIS2_PLACEMENT_3D('',#1018,#1019,#1020);
#1018 = CARTESIAN_POINT('',(-61.79232410464,14.866186255207,0.));
#1019 = DIRECTION('',(-0.,-0.,-1.));
#1020 = DIRECTION('',(1.,1.110223024625E-16,-0.));
#1021 = ADVANCED_FACE('',(#1022),#1040,.F.);
#1022 = FACE_BOUND('',#1023,.T.);
#1023 = EDGE_LOOP('',(#1024,#1025,#1032,#1033));
#1024 = ORIENTED_EDGE('',*,*,#1002,.T.);
#1025 = ORIENTED_EDGE('',*,*,#1026,.T.);
#1026 = EDGE_CURVE('',#994,#986,#1027,.T.);
#1027 = CIRCLE('',#1028,0.457200914402);
#1028 = AXIS2_PLACEMENT_3D('',#1029,#1030,#1031);
#1029 = CARTESIAN_POINT('',(-61.79232410464,14.866186255207,
    1.586156972314));
#1030 = DIRECTION('',(0.,0.,1.));
#1031 = DIRECTION('',(-1.,-1.110223024625E-16,0.));
#1032 = ORIENTED_EDGE('',*,*,#983,.F.);
#1033 = ORIENTED_EDGE('',*,*,#1034,.F.);
#1034 = EDGE_CURVE('',#1003,#984,#1035,.T.);
#1035 = CIRCLE('',#1036,0.457200914402);
#1036 = AXIS2_PLACEMENT_3D('',#1037,#1038,#1039);
#1037 = CARTESIAN_POINT('',(-61.79232410464,14.866186255207,0.));
#1038 = DIRECTION('',(0.,0.,1.));
#1039 = DIRECTION('',(-1.,-1.110223024625E-16,0.));
#1040 = CYLINDRICAL_SURFACE('',#1041,0.457200914402);
#1041 = AXIS2_PLACEMENT_3D('',#1042,#1043,#1044);
#1042 = CARTESIAN_POINT('',(-61.79232410464,14.866186255207,0.));
#1043 = DIRECTION('',(-0.,-0.,-1.));
#1044 = DIRECTION('',(-1.,-1.110223024625E-16,0.));
#1045 = ADVANCED_FACE('',(#1046),#1082,.F.);
#1046 = FACE_BOUND('',#1047,.T.);
#1047 = EDGE_LOOP('',(#1048,#1058,#1067,#1075));
#1048 = ORIENTED_EDGE('',*,*,#1049,.T.);
#1049 = EDGE_CURVE('',#1050,#1052,#1054,.T.);
#1050 = VERTEX_POINT('',#1051);
#1051 = CARTESIAN_POINT('',(-61.33512319024,11.818180159194,0.));
#1052 = VERTEX_POINT('',#1053);
#1053 = CARTESIAN_POINT('',(-61.33512319024,11.818180159194,
    1.586156972314));
#1054 = LINE('',#1055,#1056);
#1055 = CARTESIAN_POINT('',(-61.33512319024,11.818180159194,0.));
#1056 = VECTOR('',#1057,1.);
#1057 = DIRECTION('',(0.,0.,1.));
#1058 = ORIENTED_EDGE('',*,*,#1059,.T.);
#1059 = EDGE_CURVE('',#1052,#1060,#1062,.T.);
#1060 = VERTEX_POINT('',#1061);
#1061 = CARTESIAN_POINT('',(-62.24952501905,11.818180159194,
    1.586156972314));
#1062 = CIRCLE('',#1063,0.457200914402);
#1063 = AXIS2_PLACEMENT_3D('',#1064,#1065,#1066);
#1064 = CARTESIAN_POINT('',(-61.79232410464,11.818180159194,
    1.586156972314));
#1065 = DIRECTION('',(0.,0.,1.));
#1066 = DIRECTION('',(1.,1.110223024625E-16,-0.));
#1067 = ORIENTED_EDGE('',*,*,#1068,.F.);
#1068 = EDGE_CURVE('',#1069,#1060,#1071,.T.);
#1069 = VERTEX_POINT('',#1070);
#1070 = CARTESIAN_POINT('',(-62.24952501905,11.818180159194,0.));
#1071 = LINE('',#1072,#1073);
#1072 = CARTESIAN_POINT('',(-62.24952501905,11.818180159194,0.));
#1073 = VECTOR('',#1074,1.);
#1074 = DIRECTION('',(0.,0.,1.));
#1075 = ORIENTED_EDGE('',*,*,#1076,.F.);
#1076 = EDGE_CURVE('',#1050,#1069,#1077,.T.);
#1077 = CIRCLE('',#1078,0.457200914402);
#1078 = AXIS2_PLACEMENT_3D('',#1079,#1080,#1081);
#1079 = CARTESIAN_POINT('',(-61.79232410464,11.818180159194,0.));
#1080 = DIRECTION('',(0.,0.,1.));
#1081 = DIRECTION('',(1.,1.110223024625E-16,-0.));
#1082 = CYLINDRICAL_SURFACE('',#1083,0.457200914402);
#1083 = AXIS2_PLACEMENT_3D('',#1084,#1085,#1086);
#1084 = CARTESIAN_POINT('',(-61.79232410464,11.818180159194,0.));
#1085 = DIRECTION('',(-0.,-0.,-1.));
#1086 = DIRECTION('',(1.,1.110223024625E-16,-0.));
#1087 = ADVANCED_FACE('',(#1088),#1106,.F.);
#1088 = FACE_BOUND('',#1089,.T.);
#1089 = EDGE_LOOP('',(#1090,#1091,#1098,#1099));
#1090 = ORIENTED_EDGE('',*,*,#1068,.T.);
#1091 = ORIENTED_EDGE('',*,*,#1092,.T.);
#1092 = EDGE_CURVE('',#1060,#1052,#1093,.T.);
#1093 = CIRCLE('',#1094,0.457200914402);
#1094 = AXIS2_PLACEMENT_3D('',#1095,#1096,#1097);
#1095 = CARTESIAN_POINT('',(-61.79232410464,11.818180159194,
    1.586156972314));
#1096 = DIRECTION('',(0.,0.,1.));
#1097 = DIRECTION('',(-1.,-1.110223024625E-16,0.));
#1098 = ORIENTED_EDGE('',*,*,#1049,.F.);
#1099 = ORIENTED_EDGE('',*,*,#1100,.F.);
#1100 = EDGE_CURVE('',#1069,#1050,#1101,.T.);
#1101 = CIRCLE('',#1102,0.457200914402);
#1102 = AXIS2_PLACEMENT_3D('',#1103,#1104,#1105);
#1103 = CARTESIAN_POINT('',(-61.79232410464,11.818180159194,0.));
#1104 = DIRECTION('',(0.,0.,1.));
#1105 = DIRECTION('',(-1.,-1.110223024625E-16,0.));
#1106 = CYLINDRICAL_SURFACE('',#1107,0.457200914402);
#1107 = AXIS2_PLACEMENT_3D('',#1108,#1109,#1110);
#1108 = CARTESIAN_POINT('',(-61.79232410464,11.818180159194,0.));
#1109 = DIRECTION('',(-0.,-0.,-1.));
#1110 = DIRECTION('',(-1.,-1.110223024625E-16,0.));
#1111 = ADVANCED_FACE('',(#1112,#1118,#1122,#1126,#1130,#1134,#1138,
    #1142,#1146,#1150,#1154,#1158,#1162,#1166,#1170),#1174,.T.);
#1112 = FACE_BOUND('',#1113,.T.);
#1113 = EDGE_LOOP('',(#1114,#1115,#1116,#1117));
#1114 = ORIENTED_EDGE('',*,*,#93,.T.);
#1115 = ORIENTED_EDGE('',*,*,#124,.T.);
#1116 = ORIENTED_EDGE('',*,*,#155,.T.);
#1117 = ORIENTED_EDGE('',*,*,#177,.T.);
#1118 = FACE_BOUND('',#1119,.T.);
#1119 = EDGE_LOOP('',(#1120,#1121));
#1120 = ORIENTED_EDGE('',*,*,#218,.T.);
#1121 = ORIENTED_EDGE('',*,*,#242,.T.);
#1122 = FACE_BOUND('',#1123,.T.);
#1123 = EDGE_LOOP('',(#1124,#1125));
#1124 = ORIENTED_EDGE('',*,*,#284,.T.);
#1125 = ORIENTED_EDGE('',*,*,#308,.T.);
#1126 = FACE_BOUND('',#1127,.T.);
#1127 = EDGE_LOOP('',(#1128,#1129));
#1128 = ORIENTED_EDGE('',*,*,#350,.T.);
#1129 = ORIENTED_EDGE('',*,*,#374,.T.);
#1130 = FACE_BOUND('',#1131,.T.);
#1131 = EDGE_LOOP('',(#1132,#1133));
#1132 = ORIENTED_EDGE('',*,*,#416,.T.);
#1133 = ORIENTED_EDGE('',*,*,#440,.T.);
#1134 = FACE_BOUND('',#1135,.T.);
#1135 = EDGE_LOOP('',(#1136,#1137));
#1136 = ORIENTED_EDGE('',*,*,#482,.T.);
#1137 = ORIENTED_EDGE('',*,*,#506,.T.);
#1138 = FACE_BOUND('',#1139,.T.);
#1139 = EDGE_LOOP('',(#1140,#1141));
#1140 = ORIENTED_EDGE('',*,*,#548,.T.);
#1141 = ORIENTED_EDGE('',*,*,#572,.T.);
#1142 = FACE_BOUND('',#1143,.T.);
#1143 = EDGE_LOOP('',(#1144,#1145));
#1144 = ORIENTED_EDGE('',*,*,#614,.T.);
#1145 = ORIENTED_EDGE('',*,*,#638,.T.);
#1146 = FACE_BOUND('',#1147,.T.);
#1147 = EDGE_LOOP('',(#1148,#1149));
#1148 = ORIENTED_EDGE('',*,*,#680,.T.);
#1149 = ORIENTED_EDGE('',*,*,#704,.T.);
#1150 = FACE_BOUND('',#1151,.T.);
#1151 = EDGE_LOOP('',(#1152,#1153));
#1152 = ORIENTED_EDGE('',*,*,#746,.T.);
#1153 = ORIENTED_EDGE('',*,*,#770,.T.);
#1154 = FACE_BOUND('',#1155,.T.);
#1155 = EDGE_LOOP('',(#1156,#1157));
#1156 = ORIENTED_EDGE('',*,*,#812,.T.);
#1157 = ORIENTED_EDGE('',*,*,#836,.T.);
#1158 = FACE_BOUND('',#1159,.T.);
#1159 = EDGE_LOOP('',(#1160,#1161));
#1160 = ORIENTED_EDGE('',*,*,#878,.T.);
#1161 = ORIENTED_EDGE('',*,*,#902,.T.);
#1162 = FACE_BOUND('',#1163,.T.);
#1163 = EDGE_LOOP('',(#1164,#1165));
#1164 = ORIENTED_EDGE('',*,*,#944,.T.);
#1165 = ORIENTED_EDGE('',*,*,#968,.T.);
#1166 = FACE_BOUND('',#1167,.T.);
#1167 = EDGE_LOOP('',(#1168,#1169));
#1168 = ORIENTED_EDGE('',*,*,#1010,.T.);
#1169 = ORIENTED_EDGE('',*,*,#1034,.T.);
#1170 = FACE_BOUND('',#1171,.T.);
#1171 = EDGE_LOOP('',(#1172,#1173));
#1172 = ORIENTED_EDGE('',*,*,#1076,.T.);
#1173 = ORIENTED_EDGE('',*,*,#1100,.T.);
#1174 = PLANE('',#1175);
#1175 = AXIS2_PLACEMENT_3D('',#1176,#1177,#1178);
#1176 = CARTESIAN_POINT('',(-24.85924942849,-0.736846510859,0.));
#1177 = DIRECTION('',(-0.,-0.,-1.));
#1178 = DIRECTION('',(-1.,0.,0.));
#1179 = ADVANCED_FACE('',(#1180,#1186,#1190,#1194,#1198,#1202,#1206,
    #1210,#1214,#1218,#1222,#1226,#1230,#1234,#1238),#1242,.F.);
#1180 = FACE_BOUND('',#1181,.F.);
#1181 = EDGE_LOOP('',(#1182,#1183,#1184,#1185));
#1182 = ORIENTED_EDGE('',*,*,#77,.T.);
#1183 = ORIENTED_EDGE('',*,*,#108,.T.);
#1184 = ORIENTED_EDGE('',*,*,#139,.T.);
#1185 = ORIENTED_EDGE('',*,*,#170,.T.);
#1186 = FACE_BOUND('',#1187,.F.);
#1187 = EDGE_LOOP('',(#1188,#1189));
#1188 = ORIENTED_EDGE('',*,*,#201,.T.);
#1189 = ORIENTED_EDGE('',*,*,#234,.T.);
#1190 = FACE_BOUND('',#1191,.F.);
#1191 = EDGE_LOOP('',(#1192,#1193));
#1192 = ORIENTED_EDGE('',*,*,#267,.T.);
#1193 = ORIENTED_EDGE('',*,*,#300,.T.);
#1194 = FACE_BOUND('',#1195,.F.);
#1195 = EDGE_LOOP('',(#1196,#1197));
#1196 = ORIENTED_EDGE('',*,*,#333,.T.);
#1197 = ORIENTED_EDGE('',*,*,#366,.T.);
#1198 = FACE_BOUND('',#1199,.F.);
#1199 = EDGE_LOOP('',(#1200,#1201));
#1200 = ORIENTED_EDGE('',*,*,#399,.T.);
#1201 = ORIENTED_EDGE('',*,*,#432,.T.);
#1202 = FACE_BOUND('',#1203,.F.);
#1203 = EDGE_LOOP('',(#1204,#1205));
#1204 = ORIENTED_EDGE('',*,*,#465,.T.);
#1205 = ORIENTED_EDGE('',*,*,#498,.T.);
#1206 = FACE_BOUND('',#1207,.F.);
#1207 = EDGE_LOOP('',(#1208,#1209));
#1208 = ORIENTED_EDGE('',*,*,#531,.T.);
#1209 = ORIENTED_EDGE('',*,*,#564,.T.);
#1210 = FACE_BOUND('',#1211,.F.);
#1211 = EDGE_LOOP('',(#1212,#1213));
#1212 = ORIENTED_EDGE('',*,*,#597,.T.);
#1213 = ORIENTED_EDGE('',*,*,#630,.T.);
#1214 = FACE_BOUND('',#1215,.F.);
#1215 = EDGE_LOOP('',(#1216,#1217));
#1216 = ORIENTED_EDGE('',*,*,#663,.T.);
#1217 = ORIENTED_EDGE('',*,*,#696,.T.);
#1218 = FACE_BOUND('',#1219,.F.);
#1219 = EDGE_LOOP('',(#1220,#1221));
#1220 = ORIENTED_EDGE('',*,*,#729,.T.);
#1221 = ORIENTED_EDGE('',*,*,#762,.T.);
#1222 = FACE_BOUND('',#1223,.F.);
#1223 = EDGE_LOOP('',(#1224,#1225));
#1224 = ORIENTED_EDGE('',*,*,#795,.T.);
#1225 = ORIENTED_EDGE('',*,*,#828,.T.);
#1226 = FACE_BOUND('',#1227,.F.);
#1227 = EDGE_LOOP('',(#1228,#1229));
#1228 = ORIENTED_EDGE('',*,*,#861,.T.);
#1229 = ORIENTED_EDGE('',*,*,#894,.T.);
#1230 = FACE_BOUND('',#1231,.F.);
#1231 = EDGE_LOOP('',(#1232,#1233));
#1232 = ORIENTED_EDGE('',*,*,#927,.T.);
#1233 = ORIENTED_EDGE('',*,*,#960,.T.);
#1234 = FACE_BOUND('',#1235,.F.);
#1235 = EDGE_LOOP('',(#1236,#1237));
#1236 = ORIENTED_EDGE('',*,*,#993,.T.);
#1237 = ORIENTED_EDGE('',*,*,#1026,.T.);
#1238 = FACE_BOUND('',#1239,.F.);
#1239 = EDGE_LOOP('',(#1240,#1241));
#1240 = ORIENTED_EDGE('',*,*,#1059,.T.);
#1241 = ORIENTED_EDGE('',*,*,#1092,.T.);
#1242 = PLANE('',#1243);
#1243 = AXIS2_PLACEMENT_3D('',#1244,#1245,#1246);
#1244 = CARTESIAN_POINT('',(-24.85924942849,-0.736846510859,
    1.586156972314));
#1245 = DIRECTION('',(-0.,-0.,-1.));
#1246 = DIRECTION('',(-1.,0.,0.));
#1247 = ( GEOMETRIC_REPRESENTATION_CONTEXT(3) 
GLOBAL_UNCERTAINTY_ASSIGNED_CONTEXT((#1251)) 
GLOBAL_UNIT_ASSIGNED_CONTEXT((#1248,#1249,#1250)) REPRESENTATION_CONTEXT
('Context #1','3D Context with UNIT and UNCERTAINTY') );
#1248 = ( LENGTH_UNIT() NAMED_UNIT(*) SI_UNIT(.MILLI.,.METRE.) );
#1249 = ( NAMED_UNIT(*) PLANE_ANGLE_UNIT() SI_UNIT($,.RADIAN.) );
#1250 = ( NAMED_UNIT(*) SI_UNIT($,.STERADIAN.) SOLID_ANGLE_UNIT() );
#1251 = UNCERTAINTY_MEASURE_WITH_UNIT(LENGTH_MEASURE(1.E-07),#1248,
  'distance_accuracy_value','confusion accuracy');
#1252 = CONTEXT_DEPENDENT_SHAPE_REPRESENTATION(#1253,#1255);
#1253 = ( REPRESENTATION_RELATIONSHIP('','',#60,#10) 
REPRESENTATION_RELATIONSHIP_WITH_TRANSFORMATION(#1254) 
SHAPE_REPRESENTATION_RELATIONSHIP() );
#1254 = ITEM_DEFINED_TRANSFORMATION('','',#11,#15);
#1255 = PRODUCT_DEFINITION_SHAPE('Placement','Placement of an item',
  #1256);
#1256 = NEXT_ASSEMBLY_USAGE_OCCURRENCE('1','=>[0:1:1:2]','',#5,#55,$);
#1257 = PRODUCT_RELATED_PRODUCT_CATEGORY('part',$,(#57));
#1258 = SHAPE_DEFINITION_REPRESENTATION(#1259,#1265);
#1259 = PRODUCT_DEFINITION_SHAPE('','',#1260);
#1260 = PRODUCT_DEFINITION('design','',#1261,#1264);
#1261 = PRODUCT_DEFINITION_FORMATION('','',#1262);
#1262 = PRODUCT('TopCopper~n8rM','TopCopper~n8rM','',(#1263));
#1263 = PRODUCT_CONTEXT('',#2,'mechanical');
#1264 = PRODUCT_DEFINITION_CONTEXT('part definition',#2,'design');
#1265 = SHAPE_REPRESENTATION('',(#11),#1266);
#1266 = ( GEOMETRIC_REPRESENTATION_CONTEXT(3) 
GLOBAL_UNCERTAINTY_ASSIGNED_CONTEXT((#1270)) 
GLOBAL_UNIT_ASSIGNED_CONTEXT((#1267,#1268,#1269)) REPRESENTATION_CONTEXT
('Context #1','3D Context with UNIT and UNCERTAINTY') );
#1267 = ( LENGTH_UNIT() NAMED_UNIT(*) SI_UNIT(.MILLI.,.METRE.) );
#1268 = ( NAMED_UNIT(*) PLANE_ANGLE_UNIT() SI_UNIT($,.RADIAN.) );
#1269 = ( NAMED_UNIT(*) SI_UNIT($,.STERADIAN.) SOLID_ANGLE_UNIT() );
#1270 = UNCERTAINTY_MEASURE_WITH_UNIT(LENGTH_MEASURE(1.E-07),#1267,
  'distance_accuracy_value','confusion accuracy');
#1271 = CONTEXT_DEPENDENT_SHAPE_REPRESENTATION(#1272,#1274);
#1272 = ( REPRESENTATION_RELATIONSHIP('','',#1265,#10) 
REPRESENTATION_RELATIONSHIP_WITH_TRANSFORMATION(#1273) 
SHAPE_REPRESENTATION_RELATIONSHIP() );
#1273 = ITEM_DEFINED_TRANSFORMATION('','',#11,#19);
#1274 = PRODUCT_DEFINITION_SHAPE('Placement','Placement of an item',
  #1275);
#1275 = NEXT_ASSEMBLY_USAGE_OCCURRENCE('2','=>[0:1:1:3]','',#5,#1260,$);
#1276 = PRODUCT_RELATED_PRODUCT_CATEGORY('part',$,(#1262));
#1277 = SHAPE_DEFINITION_REPRESENTATION(#1278,#1284);
#1278 = PRODUCT_DEFINITION_SHAPE('','',#1279);
#1279 = PRODUCT_DEFINITION('design','',#1280,#1283);
#1280 = PRODUCT_DEFINITION_FORMATION('','',#1281);
#1281 = PRODUCT('BottomCopper~n8rM','BottomCopper~n8rM','',(#1282));
#1282 = PRODUCT_CONTEXT('',#2,'mechanical');
#1283 = PRODUCT_DEFINITION_CONTEXT('part definition',#2,'design');
#1284 = SHAPE_REPRESENTATION('',(#11),#1285);
#1285 = ( GEOMETRIC_REPRESENTATION_CONTEXT(3) 
GLOBAL_UNCERTAINTY_ASSIGNED_CONTEXT((#1289)) 
GLOBAL_UNIT_ASSIGNED_CONTEXT((#1286,#1287,#1288)) REPRESENTATION_CONTEXT
('Context #1','3D Context with UNIT and UNCERTAINTY') );
#1286 = ( LENGTH_UNIT() NAMED_UNIT(*) SI_UNIT(.MILLI.,.METRE.) );
#1287 = ( NAMED_UNIT(*) PLANE_ANGLE_UNIT() SI_UNIT($,.RADIAN.) );
#1288 = ( NAMED_UNIT(*) SI_UNIT($,.STERADIAN.) SOLID_ANGLE_UNIT() );
#1289 = UNCERTAINTY_MEASURE_WITH_UNIT(LENGTH_MEASURE(1.E-07),#1286,
  'distance_accuracy_value','confusion accuracy');
#1290 = CONTEXT_DEPENDENT_SHAPE_REPRESENTATION(#1291,#1293);
#1291 = ( REPRESENTATION_RELATIONSHIP('','',#1284,#10) 
REPRESENTATION_RELATIONSHIP_WITH_TRANSFORMATION(#1292) 
SHAPE_REPRESENTATION_RELATIONSHIP() );
#1292 = ITEM_DEFINED_TRANSFORMATION('','',#11,#23);
#1293 = PRODUCT_DEFINITION_SHAPE('Placement','Placement of an item',
  #1294);
#1294 = NEXT_ASSEMBLY_USAGE_OCCURRENCE('3','=>[0:1:1:4]','',#5,#1279,$);
#1295 = PRODUCT_RELATED_PRODUCT_CATEGORY('part',$,(#1281));
#1296 = SHAPE_DEFINITION_REPRESENTATION(#1297,#1303);
#1297 = PRODUCT_DEFINITION_SHAPE('','',#1298);
#1298 = PRODUCT_DEFINITION('design','',#1299,#1302);
#1299 = PRODUCT_DEFINITION_FORMATION('','',#1300);
#1300 = PRODUCT('TopSilkscreen~n8rM','TopSilkscreen~n8rM','',(#1301));
#1301 = PRODUCT_CONTEXT('',#2,'mechanical');
#1302 = PRODUCT_DEFINITION_CONTEXT('part definition',#2,'design');
#1303 = SHAPE_REPRESENTATION('',(#11),#1304);
#1304 = ( GEOMETRIC_REPRESENTATION_CONTEXT(3) 
GLOBAL_UNCERTAINTY_ASSIGNED_CONTEXT((#1308)) 
GLOBAL_UNIT_ASSIGNED_CONTEXT((#1305,#1306,#1307)) REPRESENTATION_CONTEXT
('Context #1','3D Context with UNIT and UNCERTAINTY') );
#1305 = ( LENGTH_UNIT() NAMED_UNIT(*) SI_UNIT(.MILLI.,.METRE.) );
#1306 = ( NAMED_UNIT(*) PLANE_ANGLE_UNIT() SI_UNIT($,.RADIAN.) );
#1307 = ( NAMED_UNIT(*) SI_UNIT($,.STERADIAN.) SOLID_ANGLE_UNIT() );
#1308 = UNCERTAINTY_MEASURE_WITH_UNIT(LENGTH_MEASURE(1.E-07),#1305,
  'distance_accuracy_value','confusion accuracy');
#1309 = CONTEXT_DEPENDENT_SHAPE_REPRESENTATION(#1310,#1312);
#1310 = ( REPRESENTATION_RELATIONSHIP('','',#1303,#10) 
REPRESENTATION_RELATIONSHIP_WITH_TRANSFORMATION(#1311) 
SHAPE_REPRESENTATION_RELATIONSHIP() );
#1311 = ITEM_DEFINED_TRANSFORMATION('','',#11,#27);
#1312 = PRODUCT_DEFINITION_SHAPE('Placement','Placement of an item',
  #1313);
#1313 = NEXT_ASSEMBLY_USAGE_OCCURRENCE('4','=>[0:1:1:5]','',#5,#1298,$);
#1314 = PRODUCT_RELATED_PRODUCT_CATEGORY('part',$,(#1300));
#1315 = SHAPE_DEFINITION_REPRESENTATION(#1316,#1322);
#1316 = PRODUCT_DEFINITION_SHAPE('','',#1317);
#1317 = PRODUCT_DEFINITION('design','',#1318,#1321);
#1318 = PRODUCT_DEFINITION_FORMATION('','',#1319);
#1319 = PRODUCT('BottomSilkscreen~n8rM','BottomSilkscreen~n8rM','',(
    #1320));
#1320 = PRODUCT_CONTEXT('',#2,'mechanical');
#1321 = PRODUCT_DEFINITION_CONTEXT('part definition',#2,'design');
#1322 = SHAPE_REPRESENTATION('',(#11),#1323);
#1323 = ( GEOMETRIC_REPRESENTATION_CONTEXT(3) 
GLOBAL_UNCERTAINTY_ASSIGNED_CONTEXT((#1327)) 
GLOBAL_UNIT_ASSIGNED_CONTEXT((#1324,#1325,#1326)) REPRESENTATION_CONTEXT
('Context #1','3D Context with UNIT and UNCERTAINTY') );
#1324 = ( LENGTH_UNIT() NAMED_UNIT(*) SI_UNIT(.MILLI.,.METRE.) );
#1325 = ( NAMED_UNIT(*) PLANE_ANGLE_UNIT() SI_UNIT($,.RADIAN.) );
#1326 = ( NAMED_UNIT(*) SI_UNIT($,.STERADIAN.) SOLID_ANGLE_UNIT() );
#1327 = UNCERTAINTY_MEASURE_WITH_UNIT(LENGTH_MEASURE(1.E-07),#1324,
  'distance_accuracy_value','confusion accuracy');
#1328 = CONTEXT_DEPENDENT_SHAPE_REPRESENTATION(#1329,#1331);
#1329 = ( REPRESENTATION_RELATIONSHIP('','',#1322,#10) 
REPRESENTATION_RELATIONSHIP_WITH_TRANSFORMATION(#1330) 
SHAPE_REPRESENTATION_RELATIONSHIP() );
#1330 = ITEM_DEFINED_TRANSFORMATION('','',#11,#31);
#1331 = PRODUCT_DEFINITION_SHAPE('Placement','Placement of an item',
  #1332);
#1332 = NEXT_ASSEMBLY_USAGE_OCCURRENCE('5','=>[0:1:1:6]','',#5,#1317,$);
#1333 = PRODUCT_RELATED_PRODUCT_CATEGORY('part',$,(#1319));
#1334 = SHAPE_DEFINITION_REPRESENTATION(#1335,#1341);
#1335 = PRODUCT_DEFINITION_SHAPE('','',#1336);
#1336 = PRODUCT_DEFINITION('design','',#1337,#1340);
#1337 = PRODUCT_DEFINITION_FORMATION('','',#1338);
#1338 = PRODUCT('TopFpcStiffener~n8rM','TopFpcStiffener~n8rM','',(#1339)
  );
#1339 = PRODUCT_CONTEXT('',#2,'mechanical');
#1340 = PRODUCT_DEFINITION_CONTEXT('part definition',#2,'design');
#1341 = SHAPE_REPRESENTATION('',(#11),#1342);
#1342 = ( GEOMETRIC_REPRESENTATION_CONTEXT(3) 
GLOBAL_UNCERTAINTY_ASSIGNED_CONTEXT((#1346)) 
GLOBAL_UNIT_ASSIGNED_CONTEXT((#1343,#1344,#1345)) REPRESENTATION_CONTEXT
('Context #1','3D Context with UNIT and UNCERTAINTY') );
#1343 = ( LENGTH_UNIT() NAMED_UNIT(*) SI_UNIT(.MILLI.,.METRE.) );
#1344 = ( NAMED_UNIT(*) PLANE_ANGLE_UNIT() SI_UNIT($,.RADIAN.) );
#1345 = ( NAMED_UNIT(*) SI_UNIT($,.STERADIAN.) SOLID_ANGLE_UNIT() );
#1346 = UNCERTAINTY_MEASURE_WITH_UNIT(LENGTH_MEASURE(1.E-07),#1343,
  'distance_accuracy_value','confusion accuracy');
#1347 = CONTEXT_DEPENDENT_SHAPE_REPRESENTATION(#1348,#1350);
#1348 = ( REPRESENTATION_RELATIONSHIP('','',#1341,#10) 
REPRESENTATION_RELATIONSHIP_WITH_TRANSFORMATION(#1349) 
SHAPE_REPRESENTATION_RELATIONSHIP() );
#1349 = ITEM_DEFINED_TRANSFORMATION('','',#11,#35);
#1350 = PRODUCT_DEFINITION_SHAPE('Placement','Placement of an item',
  #1351);
#1351 = NEXT_ASSEMBLY_USAGE_OCCURRENCE('6','=>[0:1:1:7]','',#5,#1336,$);
#1352 = PRODUCT_RELATED_PRODUCT_CATEGORY('part',$,(#1338));
#1353 = SHAPE_DEFINITION_REPRESENTATION(#1354,#1360);
#1354 = PRODUCT_DEFINITION_SHAPE('','',#1355);
#1355 = PRODUCT_DEFINITION('design','',#1356,#1359);
#1356 = PRODUCT_DEFINITION_FORMATION('','',#1357);
#1357 = PRODUCT('BottomFpcStiffener~n8rM','BottomFpcStiffener~n8rM','',(
    #1358));
#1358 = PRODUCT_CONTEXT('',#2,'mechanical');
#1359 = PRODUCT_DEFINITION_CONTEXT('part definition',#2,'design');
#1360 = SHAPE_REPRESENTATION('',(#11),#1361);
#1361 = ( GEOMETRIC_REPRESENTATION_CONTEXT(3) 
GLOBAL_UNCERTAINTY_ASSIGNED_CONTEXT((#1365)) 
GLOBAL_UNIT_ASSIGNED_CONTEXT((#1362,#1363,#1364)) REPRESENTATION_CONTEXT
('Context #1','3D Context with UNIT and UNCERTAINTY') );
#1362 = ( LENGTH_UNIT() NAMED_UNIT(*) SI_UNIT(.MILLI.,.METRE.) );
#1363 = ( NAMED_UNIT(*) PLANE_ANGLE_UNIT() SI_UNIT($,.RADIAN.) );
#1364 = ( NAMED_UNIT(*) SI_UNIT($,.STERADIAN.) SOLID_ANGLE_UNIT() );
#1365 = UNCERTAINTY_MEASURE_WITH_UNIT(LENGTH_MEASURE(1.E-07),#1362,
  'distance_accuracy_value','confusion accuracy');
#1366 = CONTEXT_DEPENDENT_SHAPE_REPRESENTATION(#1367,#1369);
#1367 = ( REPRESENTATION_RELATIONSHIP('','',#1360,#10) 
REPRESENTATION_RELATIONSHIP_WITH_TRANSFORMATION(#1368) 
SHAPE_REPRESENTATION_RELATIONSHIP() );
#1368 = ITEM_DEFINED_TRANSFORMATION('','',#11,#39);
#1369 = PRODUCT_DEFINITION_SHAPE('Placement','Placement of an item',
  #1370);
#1370 = NEXT_ASSEMBLY_USAGE_OCCURRENCE('7','=>[0:1:1:8]','',#5,#1355,$);
#1371 = PRODUCT_RELATED_PRODUCT_CATEGORY('part',$,(#1357));
#1372 = SHAPE_DEFINITION_REPRESENTATION(#1373,#1379);
#1373 = PRODUCT_DEFINITION_SHAPE('','',#1374);
#1374 = PRODUCT_DEFINITION('design','',#1375,#1378);
#1375 = PRODUCT_DEFINITION_FORMATION('','',#1376);
#1376 = PRODUCT('U1~display2.4~MSP2402_2.4inch_Touch_Display~n8rM',
  'U1~display2.4~MSP2402_2.4inch_Touch_Display~n8rM','',(#1377));
#1377 = PRODUCT_CONTEXT('',#2,'mechanical');
#1378 = PRODUCT_DEFINITION_CONTEXT('part definition',#2,'design');
#1379 = SHAPE_REPRESENTATION('',(#11,#1380,#1384,#1388,#1392,#1396,#1400
    ,#1404,#1408,#1412,#1416,#1420,#1424,#1428,#1432,#1436,#1440,#1444,
    #1448,#1452,#1456,#1460,#1464,#1468),#1472);
#1380 = AXIS2_PLACEMENT_3D('',#1381,#1382,#1383);
#1381 = CARTESIAN_POINT('',(0.,0.,0.));
#1382 = DIRECTION('',(0.,0.,1.));
#1383 = DIRECTION('',(1.,0.,-0.));
#1384 = AXIS2_PLACEMENT_3D('',#1385,#1386,#1387);
#1385 = CARTESIAN_POINT('',(0.,0.,0.));
#1386 = DIRECTION('',(0.,0.,1.));
#1387 = DIRECTION('',(1.,0.,-0.));
#1388 = AXIS2_PLACEMENT_3D('',#1389,#1390,#1391);
#1389 = CARTESIAN_POINT('',(0.,0.,0.));
#1390 = DIRECTION('',(0.,0.,1.));
#1391 = DIRECTION('',(1.,0.,-0.));
#1392 = AXIS2_PLACEMENT_3D('',#1393,#1394,#1395);
#1393 = CARTESIAN_POINT('',(0.,0.,0.));
#1394 = DIRECTION('',(0.,0.,1.));
#1395 = DIRECTION('',(1.,0.,-0.));
#1396 = AXIS2_PLACEMENT_3D('',#1397,#1398,#1399);
#1397 = CARTESIAN_POINT('',(0.,0.,0.));
#1398 = DIRECTION('',(0.,0.,1.));
#1399 = DIRECTION('',(1.,0.,-0.));
#1400 = AXIS2_PLACEMENT_3D('',#1401,#1402,#1403);
#1401 = CARTESIAN_POINT('',(0.,0.,0.));
#1402 = DIRECTION('',(0.,0.,1.));
#1403 = DIRECTION('',(1.,0.,-0.));
#1404 = AXIS2_PLACEMENT_3D('',#1405,#1406,#1407);
#1405 = CARTESIAN_POINT('',(0.,0.,0.));
#1406 = DIRECTION('',(0.,0.,1.));
#1407 = DIRECTION('',(1.,0.,-0.));
#1408 = AXIS2_PLACEMENT_3D('',#1409,#1410,#1411);
#1409 = CARTESIAN_POINT('',(0.,0.,0.));
#1410 = DIRECTION('',(0.,0.,1.));
#1411 = DIRECTION('',(1.,0.,-0.));
#1412 = AXIS2_PLACEMENT_3D('',#1413,#1414,#1415);
#1413 = CARTESIAN_POINT('',(0.,0.,0.));
#1414 = DIRECTION('',(0.,0.,1.));
#1415 = DIRECTION('',(1.,0.,-0.));
#1416 = AXIS2_PLACEMENT_3D('',#1417,#1418,#1419);
#1417 = CARTESIAN_POINT('',(0.,0.,0.));
#1418 = DIRECTION('',(0.,0.,1.));
#1419 = DIRECTION('',(1.,0.,-0.));
#1420 = AXIS2_PLACEMENT_3D('',#1421,#1422,#1423);
#1421 = CARTESIAN_POINT('',(0.,0.,0.));
#1422 = DIRECTION('',(0.,0.,1.));
#1423 = DIRECTION('',(1.,0.,-0.));
#1424 = AXIS2_PLACEMENT_3D('',#1425,#1426,#1427);
#1425 = CARTESIAN_POINT('',(0.,0.,0.));
#1426 = DIRECTION('',(0.,0.,1.));
#1427 = DIRECTION('',(1.,0.,-0.));
#1428 = AXIS2_PLACEMENT_3D('',#1429,#1430,#1431);
#1429 = CARTESIAN_POINT('',(0.,0.,0.));
#1430 = DIRECTION('',(0.,0.,1.));
#1431 = DIRECTION('',(1.,0.,-0.));
#1432 = AXIS2_PLACEMENT_3D('',#1433,#1434,#1435);
#1433 = CARTESIAN_POINT('',(0.,0.,0.));
#1434 = DIRECTION('',(0.,0.,1.));
#1435 = DIRECTION('',(1.,0.,-0.));
#1436 = AXIS2_PLACEMENT_3D('',#1437,#1438,#1439);
#1437 = CARTESIAN_POINT('',(0.,0.,0.));
#1438 = DIRECTION('',(0.,0.,1.));
#1439 = DIRECTION('',(1.,0.,-0.));
#1440 = AXIS2_PLACEMENT_3D('',#1441,#1442,#1443);
#1441 = CARTESIAN_POINT('',(0.,0.,0.));
#1442 = DIRECTION('',(0.,0.,1.));
#1443 = DIRECTION('',(1.,0.,-0.));
#1444 = AXIS2_PLACEMENT_3D('',#1445,#1446,#1447);
#1445 = CARTESIAN_POINT('',(0.,0.,0.));
#1446 = DIRECTION('',(0.,0.,1.));
#1447 = DIRECTION('',(1.,0.,-0.));
#1448 = AXIS2_PLACEMENT_3D('',#1449,#1450,#1451);
#1449 = CARTESIAN_POINT('',(0.,0.,0.));
#1450 = DIRECTION('',(0.,0.,1.));
#1451 = DIRECTION('',(1.,0.,-0.));
#1452 = AXIS2_PLACEMENT_3D('',#1453,#1454,#1455);
#1453 = CARTESIAN_POINT('',(0.,0.,0.));
#1454 = DIRECTION('',(0.,0.,1.));
#1455 = DIRECTION('',(1.,0.,-0.));
#1456 = AXIS2_PLACEMENT_3D('',#1457,#1458,#1459);
#1457 = CARTESIAN_POINT('',(0.,0.,0.));
#1458 = DIRECTION('',(0.,0.,1.));
#1459 = DIRECTION('',(1.,0.,-0.));
#1460 = AXIS2_PLACEMENT_3D('',#1461,#1462,#1463);
#1461 = CARTESIAN_POINT('',(0.,0.,0.));
#1462 = DIRECTION('',(0.,0.,1.));
#1463 = DIRECTION('',(1.,0.,-0.));
#1464 = AXIS2_PLACEMENT_3D('',#1465,#1466,#1467);
#1465 = CARTESIAN_POINT('',(0.,0.,0.));
#1466 = DIRECTION('',(0.,0.,1.));
#1467 = DIRECTION('',(1.,0.,-0.));
#1468 = AXIS2_PLACEMENT_3D('',#1469,#1470,#1471);
#1469 = CARTESIAN_POINT('',(0.,0.,0.));
#1470 = DIRECTION('',(0.,0.,1.));
#1471 = DIRECTION('',(1.,0.,-0.));
#1472 = ( GEOMETRIC_REPRESENTATION_CONTEXT(3) 
GLOBAL_UNCERTAINTY_ASSIGNED_CONTEXT((#1476)) 
GLOBAL_UNIT_ASSIGNED_CONTEXT((#1473,#1474,#1475)) REPRESENTATION_CONTEXT
('Context #1','3D Context with UNIT and UNCERTAINTY') );
#1473 = ( LENGTH_UNIT() NAMED_UNIT(*) SI_UNIT(.MILLI.,.METRE.) );
#1474 = ( NAMED_UNIT(*) PLANE_ANGLE_UNIT() SI_UNIT($,.RADIAN.) );
#1475 = ( NAMED_UNIT(*) SI_UNIT($,.STERADIAN.) SOLID_ANGLE_UNIT() );
#1476 = UNCERTAINTY_MEASURE_WITH_UNIT(LENGTH_MEASURE(1.E-07),#1473,
  'distance_accuracy_value','confusion accuracy');
#1477 = CONTEXT_DEPENDENT_SHAPE_REPRESENTATION(#1478,#1480);
#1478 = ( REPRESENTATION_RELATIONSHIP('','',#1379,#10) 
REPRESENTATION_RELATIONSHIP_WITH_TRANSFORMATION(#1479) 
SHAPE_REPRESENTATION_RELATIONSHIP() );
#1479 = ITEM_DEFINED_TRANSFORMATION('','',#11,#43);
#1480 = PRODUCT_DEFINITION_SHAPE('Placement','Placement of an item',
  #1481);
#1481 = NEXT_ASSEMBLY_USAGE_OCCURRENCE('31','=>[0:1:1:32]','',#5,#1374,$
  );
#1482 = PRODUCT_RELATED_PRODUCT_CATEGORY('part',$,(#1376));
#1483 = SHAPE_DEFINITION_REPRESENTATION(#1484,#1490);
#1484 = PRODUCT_DEFINITION_SHAPE('','',#1485);
#1485 = PRODUCT_DEFINITION('design','',#1486,#1489);
#1486 = PRODUCT_DEFINITION_FORMATION('','',#1487);
#1487 = PRODUCT('display2.4~MSP2402_2.4inch_Touch_Display~n8rM',
  'display2.4~MSP2402_2.4inch_Touch_Display~n8rM','',(#1488));
#1488 = PRODUCT_CONTEXT('',#2,'mechanical');
#1489 = PRODUCT_DEFINITION_CONTEXT('part definition',#2,'design');
#1490 = ADVANCED_BREP_SHAPE_REPRESENTATION('',(#11,#1491),#1797);
#1491 = MANIFOLD_SOLID_BREP('',#1492);
#1492 = CLOSED_SHELL('',(#1493,#1533,#1564,#1632,#1656,#1717,#1729,#1746
    ,#1763,#1780));
#1493 = ADVANCED_FACE('',(#1494),#1528,.F.);
#1494 = FACE_BOUND('',#1495,.F.);
#1495 = EDGE_LOOP('',(#1496,#1506,#1514,#1522));
#1496 = ORIENTED_EDGE('',*,*,#1497,.F.);
#1497 = EDGE_CURVE('',#1498,#1500,#1502,.T.);
#1498 = VERTEX_POINT('',#1499);
#1499 = CARTESIAN_POINT('',(-63.96008570052,-15.08995316249,
    -1.500003024164));
#1500 = VERTEX_POINT('',#1501);
#1501 = CARTESIAN_POINT('',(-63.96008570052,-15.08995316249,
    9.999697583576E-02));
#1502 = LINE('',#1503,#1504);
#1503 = CARTESIAN_POINT('',(-63.96008570052,-15.08995316249,
    -1.500003024164));
#1504 = VECTOR('',#1505,1.);
#1505 = DIRECTION('',(0.,0.,1.));
#1506 = ORIENTED_EDGE('',*,*,#1507,.T.);
#1507 = EDGE_CURVE('',#1498,#1508,#1510,.T.);
#1508 = VERTEX_POINT('',#1509);
#1509 = CARTESIAN_POINT('',(-63.96008570052,62.090046837506,
    -1.500003024164));
#1510 = LINE('',#1511,#1512);
#1511 = CARTESIAN_POINT('',(-63.96008570052,-15.08995316249,
    -1.500003024164));
#1512 = VECTOR('',#1513,1.);
#1513 = DIRECTION('',(0.,1.,0.));
#1514 = ORIENTED_EDGE('',*,*,#1515,.T.);
#1515 = EDGE_CURVE('',#1508,#1516,#1518,.T.);
#1516 = VERTEX_POINT('',#1517);
#1517 = CARTESIAN_POINT('',(-63.96008570052,62.090046837506,
    9.999697583576E-02));
#1518 = LINE('',#1519,#1520);
#1519 = CARTESIAN_POINT('',(-63.96008570052,62.090046837506,
    -1.500003024164));
#1520 = VECTOR('',#1521,1.);
#1521 = DIRECTION('',(0.,0.,1.));
#1522 = ORIENTED_EDGE('',*,*,#1523,.F.);
#1523 = EDGE_CURVE('',#1500,#1516,#1524,.T.);
#1524 = LINE('',#1525,#1526);
#1525 = CARTESIAN_POINT('',(-63.96008570052,-15.08995316249,
    9.999697583576E-02));
#1526 = VECTOR('',#1527,1.);
#1527 = DIRECTION('',(0.,1.,0.));
#1528 = PLANE('',#1529);
#1529 = AXIS2_PLACEMENT_3D('',#1530,#1531,#1532);
#1530 = CARTESIAN_POINT('',(-63.96008570052,-15.08995316249,
    -1.500003024164));
#1531 = DIRECTION('',(1.,0.,0.));
#1532 = DIRECTION('',(0.,0.,1.));
#1533 = ADVANCED_FACE('',(#1534),#1559,.F.);
#1534 = FACE_BOUND('',#1535,.F.);
#1535 = EDGE_LOOP('',(#1536,#1544,#1545,#1553));
#1536 = ORIENTED_EDGE('',*,*,#1537,.F.);
#1537 = EDGE_CURVE('',#1498,#1538,#1540,.T.);
#1538 = VERTEX_POINT('',#1539);
#1539 = CARTESIAN_POINT('',(-21.24008570052,-15.08995316249,
    -1.500003024164));
#1540 = LINE('',#1541,#1542);
#1541 = CARTESIAN_POINT('',(-63.96008570052,-15.08995316249,
    -1.500003024164));
#1542 = VECTOR('',#1543,1.);
#1543 = DIRECTION('',(1.,0.,0.));
#1544 = ORIENTED_EDGE('',*,*,#1497,.T.);
#1545 = ORIENTED_EDGE('',*,*,#1546,.T.);
#1546 = EDGE_CURVE('',#1500,#1547,#1549,.T.);
#1547 = VERTEX_POINT('',#1548);
#1548 = CARTESIAN_POINT('',(-21.24008570052,-15.08995316249,
    9.999697583576E-02));
#1549 = LINE('',#1550,#1551);
#1550 = CARTESIAN_POINT('',(-63.96008570052,-15.08995316249,
    9.999697583576E-02));
#1551 = VECTOR('',#1552,1.);
#1552 = DIRECTION('',(1.,0.,0.));
#1553 = ORIENTED_EDGE('',*,*,#1554,.F.);
#1554 = EDGE_CURVE('',#1538,#1547,#1555,.T.);
#1555 = LINE('',#1556,#1557);
#1556 = CARTESIAN_POINT('',(-21.24008570052,-15.08995316249,
    -1.500003024164));
#1557 = VECTOR('',#1558,1.);
#1558 = DIRECTION('',(0.,0.,1.));
#1559 = PLANE('',#1560);
#1560 = AXIS2_PLACEMENT_3D('',#1561,#1562,#1563);
#1561 = CARTESIAN_POINT('',(-63.96008570052,-15.08995316249,
    -1.500003024164));
#1562 = DIRECTION('',(0.,1.,0.));
#1563 = DIRECTION('',(0.,0.,1.));
#1564 = ADVANCED_FACE('',(#1565,#1583,#1594,#1605,#1616),#1627,.T.);
#1565 = FACE_BOUND('',#1566,.T.);
#1566 = EDGE_LOOP('',(#1567,#1568,#1569,#1577));
#1567 = ORIENTED_EDGE('',*,*,#1523,.F.);
#1568 = ORIENTED_EDGE('',*,*,#1546,.T.);
#1569 = ORIENTED_EDGE('',*,*,#1570,.T.);
#1570 = EDGE_CURVE('',#1547,#1571,#1573,.T.);
#1571 = VERTEX_POINT('',#1572);
#1572 = CARTESIAN_POINT('',(-21.24008570052,62.090046837506,
    9.999697583576E-02));
#1573 = LINE('',#1574,#1575);
#1574 = CARTESIAN_POINT('',(-21.24008570052,-15.08995316249,
    9.999697583576E-02));
#1575 = VECTOR('',#1576,1.);
#1576 = DIRECTION('',(0.,1.,0.));
#1577 = ORIENTED_EDGE('',*,*,#1578,.F.);
#1578 = EDGE_CURVE('',#1516,#1571,#1579,.T.);
#1579 = LINE('',#1580,#1581);
#1580 = CARTESIAN_POINT('',(-63.96008570052,62.090046837506,
    9.999697583576E-02));
#1581 = VECTOR('',#1582,1.);
#1582 = DIRECTION('',(1.,0.,0.));
#1583 = FACE_BOUND('',#1584,.T.);
#1584 = EDGE_LOOP('',(#1585));
#1585 = ORIENTED_EDGE('',*,*,#1586,.T.);
#1586 = EDGE_CURVE('',#1587,#1587,#1589,.T.);
#1587 = VERTEX_POINT('',#1588);
#1588 = CARTESIAN_POINT('',(-59.36008570052,-8.169953162494,
    9.999697583576E-02));
#1589 = CIRCLE('',#1590,1.6);
#1590 = AXIS2_PLACEMENT_3D('',#1591,#1592,#1593);
#1591 = CARTESIAN_POINT('',(-60.96008570052,-8.169953162494,
    9.999697583576E-02));
#1592 = DIRECTION('',(0.,0.,-1.));
#1593 = DIRECTION('',(1.,0.,0.));
#1594 = FACE_BOUND('',#1595,.T.);
#1595 = EDGE_LOOP('',(#1596));
#1596 = ORIENTED_EDGE('',*,*,#1597,.T.);
#1597 = EDGE_CURVE('',#1598,#1598,#1600,.T.);
#1598 = VERTEX_POINT('',#1599);
#1599 = CARTESIAN_POINT('',(-22.64008570052,-8.169953162494,
    9.999697583576E-02));
#1600 = CIRCLE('',#1601,1.6);
#1601 = AXIS2_PLACEMENT_3D('',#1602,#1603,#1604);
#1602 = CARTESIAN_POINT('',(-24.24008570052,-8.169953162494,
    9.999697583576E-02));
#1603 = DIRECTION('',(0.,0.,-1.));
#1604 = DIRECTION('',(1.,0.,0.));
#1605 = FACE_BOUND('',#1606,.T.);
#1606 = EDGE_LOOP('',(#1607));
#1607 = ORIENTED_EDGE('',*,*,#1608,.T.);
#1608 = EDGE_CURVE('',#1609,#1609,#1611,.T.);
#1609 = VERTEX_POINT('',#1610);
#1610 = CARTESIAN_POINT('',(-59.36008570052,59.090046837506,
    9.999697583576E-02));
#1611 = CIRCLE('',#1612,1.6);
#1612 = AXIS2_PLACEMENT_3D('',#1613,#1614,#1615);
#1613 = CARTESIAN_POINT('',(-60.96008570052,59.090046837506,
    9.999697583576E-02));
#1614 = DIRECTION('',(0.,0.,-1.));
#1615 = DIRECTION('',(1.,0.,0.));
#1616 = FACE_BOUND('',#1617,.T.);
#1617 = EDGE_LOOP('',(#1618));
#1618 = ORIENTED_EDGE('',*,*,#1619,.T.);
#1619 = EDGE_CURVE('',#1620,#1620,#1622,.T.);
#1620 = VERTEX_POINT('',#1621);
#1621 = CARTESIAN_POINT('',(-22.64008570052,59.090046837506,
    9.999697583576E-02));
#1622 = CIRCLE('',#1623,1.6);
#1623 = AXIS2_PLACEMENT_3D('',#1624,#1625,#1626);
#1624 = CARTESIAN_POINT('',(-24.24008570052,59.090046837506,
    9.999697583576E-02));
#1625 = DIRECTION('',(0.,0.,-1.));
#1626 = DIRECTION('',(1.,0.,0.));
#1627 = PLANE('',#1628);
#1628 = AXIS2_PLACEMENT_3D('',#1629,#1630,#1631);
#1629 = CARTESIAN_POINT('',(-63.96008570052,-15.08995316249,
    9.999697583576E-02));
#1630 = DIRECTION('',(0.,0.,1.));
#1631 = DIRECTION('',(1.,0.,0.));
#1632 = ADVANCED_FACE('',(#1633),#1651,.T.);
#1633 = FACE_BOUND('',#1634,.T.);
#1634 = EDGE_LOOP('',(#1635,#1643,#1644,#1645));
#1635 = ORIENTED_EDGE('',*,*,#1636,.F.);
#1636 = EDGE_CURVE('',#1508,#1637,#1639,.T.);
#1637 = VERTEX_POINT('',#1638);
#1638 = CARTESIAN_POINT('',(-21.24008570052,62.090046837506,
    -1.500003024164));
#1639 = LINE('',#1640,#1641);
#1640 = CARTESIAN_POINT('',(-63.96008570052,62.090046837506,
    -1.500003024164));
#1641 = VECTOR('',#1642,1.);
#1642 = DIRECTION('',(1.,0.,0.));
#1643 = ORIENTED_EDGE('',*,*,#1515,.T.);
#1644 = ORIENTED_EDGE('',*,*,#1578,.T.);
#1645 = ORIENTED_EDGE('',*,*,#1646,.F.);
#1646 = EDGE_CURVE('',#1637,#1571,#1647,.T.);
#1647 = LINE('',#1648,#1649);
#1648 = CARTESIAN_POINT('',(-21.24008570052,62.090046837506,
    -1.500003024164));
#1649 = VECTOR('',#1650,1.);
#1650 = DIRECTION('',(0.,0.,1.));
#1651 = PLANE('',#1652);
#1652 = AXIS2_PLACEMENT_3D('',#1653,#1654,#1655);
#1653 = CARTESIAN_POINT('',(-63.96008570052,62.090046837506,
    -1.500003024164));
#1654 = DIRECTION('',(0.,1.,0.));
#1655 = DIRECTION('',(0.,0.,1.));
#1656 = ADVANCED_FACE('',(#1657,#1668,#1679,#1690,#1701),#1712,.F.);
#1657 = FACE_BOUND('',#1658,.F.);
#1658 = EDGE_LOOP('',(#1659,#1660,#1661,#1667));
#1659 = ORIENTED_EDGE('',*,*,#1507,.F.);
#1660 = ORIENTED_EDGE('',*,*,#1537,.T.);
#1661 = ORIENTED_EDGE('',*,*,#1662,.T.);
#1662 = EDGE_CURVE('',#1538,#1637,#1663,.T.);
#1663 = LINE('',#1664,#1665);
#1664 = CARTESIAN_POINT('',(-21.24008570052,-15.08995316249,
    -1.500003024164));
#1665 = VECTOR('',#1666,1.);
#1666 = DIRECTION('',(0.,1.,0.));
#1667 = ORIENTED_EDGE('',*,*,#1636,.F.);
#1668 = FACE_BOUND('',#1669,.F.);
#1669 = EDGE_LOOP('',(#1670));
#1670 = ORIENTED_EDGE('',*,*,#1671,.T.);
#1671 = EDGE_CURVE('',#1672,#1672,#1674,.T.);
#1672 = VERTEX_POINT('',#1673);
#1673 = CARTESIAN_POINT('',(-59.36008570052,-8.169953162494,
    -1.500003024164));
#1674 = CIRCLE('',#1675,1.6);
#1675 = AXIS2_PLACEMENT_3D('',#1676,#1677,#1678);
#1676 = CARTESIAN_POINT('',(-60.96008570052,-8.169953162494,
    -1.500003024164));
#1677 = DIRECTION('',(0.,0.,-1.));
#1678 = DIRECTION('',(1.,0.,0.));
#1679 = FACE_BOUND('',#1680,.F.);
#1680 = EDGE_LOOP('',(#1681));
#1681 = ORIENTED_EDGE('',*,*,#1682,.T.);
#1682 = EDGE_CURVE('',#1683,#1683,#1685,.T.);
#1683 = VERTEX_POINT('',#1684);
#1684 = CARTESIAN_POINT('',(-22.64008570052,-8.169953162494,
    -1.500003024164));
#1685 = CIRCLE('',#1686,1.6);
#1686 = AXIS2_PLACEMENT_3D('',#1687,#1688,#1689);
#1687 = CARTESIAN_POINT('',(-24.24008570052,-8.169953162494,
    -1.500003024164));
#1688 = DIRECTION('',(0.,0.,-1.));
#1689 = DIRECTION('',(1.,0.,0.));
#1690 = FACE_BOUND('',#1691,.F.);
#1691 = EDGE_LOOP('',(#1692));
#1692 = ORIENTED_EDGE('',*,*,#1693,.T.);
#1693 = EDGE_CURVE('',#1694,#1694,#1696,.T.);
#1694 = VERTEX_POINT('',#1695);
#1695 = CARTESIAN_POINT('',(-59.36008570052,59.090046837506,
    -1.500003024164));
#1696 = CIRCLE('',#1697,1.6);
#1697 = AXIS2_PLACEMENT_3D('',#1698,#1699,#1700);
#1698 = CARTESIAN_POINT('',(-60.96008570052,59.090046837506,
    -1.500003024164));
#1699 = DIRECTION('',(0.,0.,-1.));
#1700 = DIRECTION('',(1.,0.,0.));
#1701 = FACE_BOUND('',#1702,.F.);
#1702 = EDGE_LOOP('',(#1703));
#1703 = ORIENTED_EDGE('',*,*,#1704,.T.);
#1704 = EDGE_CURVE('',#1705,#1705,#1707,.T.);
#1705 = VERTEX_POINT('',#1706);
#1706 = CARTESIAN_POINT('',(-22.64008570052,59.090046837506,
    -1.500003024164));
#1707 = CIRCLE('',#1708,1.6);
#1708 = AXIS2_PLACEMENT_3D('',#1709,#1710,#1711);
#1709 = CARTESIAN_POINT('',(-24.24008570052,59.090046837506,
    -1.500003024164));
#1710 = DIRECTION('',(0.,0.,-1.));
#1711 = DIRECTION('',(1.,0.,0.));
#1712 = PLANE('',#1713);
#1713 = AXIS2_PLACEMENT_3D('',#1714,#1715,#1716);
#1714 = CARTESIAN_POINT('',(-63.96008570052,-15.08995316249,
    -1.500003024164));
#1715 = DIRECTION('',(0.,0.,1.));
#1716 = DIRECTION('',(1.,0.,0.));
#1717 = ADVANCED_FACE('',(#1718),#1724,.T.);
#1718 = FACE_BOUND('',#1719,.T.);
#1719 = EDGE_LOOP('',(#1720,#1721,#1722,#1723));
#1720 = ORIENTED_EDGE('',*,*,#1554,.F.);
#1721 = ORIENTED_EDGE('',*,*,#1662,.T.);
#1722 = ORIENTED_EDGE('',*,*,#1646,.T.);
#1723 = ORIENTED_EDGE('',*,*,#1570,.F.);
#1724 = PLANE('',#1725);
#1725 = AXIS2_PLACEMENT_3D('',#1726,#1727,#1728);
#1726 = CARTESIAN_POINT('',(-21.24008570052,-15.08995316249,
    -1.500003024164));
#1727 = DIRECTION('',(1.,0.,0.));
#1728 = DIRECTION('',(0.,0.,1.));
#1729 = ADVANCED_FACE('',(#1730),#1741,.F.);
#1730 = FACE_BOUND('',#1731,.F.);
#1731 = EDGE_LOOP('',(#1732,#1738,#1739,#1740));
#1732 = ORIENTED_EDGE('',*,*,#1733,.T.);
#1733 = EDGE_CURVE('',#1672,#1587,#1734,.T.);
#1734 = LINE('',#1735,#1736);
#1735 = CARTESIAN_POINT('',(-59.36008570052,-8.169953162494,
    -1.600003024164));
#1736 = VECTOR('',#1737,1.);
#1737 = DIRECTION('',(0.,0.,1.));
#1738 = ORIENTED_EDGE('',*,*,#1586,.T.);
#1739 = ORIENTED_EDGE('',*,*,#1733,.F.);
#1740 = ORIENTED_EDGE('',*,*,#1671,.F.);
#1741 = CYLINDRICAL_SURFACE('',#1742,1.6);
#1742 = AXIS2_PLACEMENT_3D('',#1743,#1744,#1745);
#1743 = CARTESIAN_POINT('',(-60.96008570052,-8.169953162494,
    -1.600003024164));
#1744 = DIRECTION('',(-0.,-0.,-1.));
#1745 = DIRECTION('',(1.,0.,0.));
#1746 = ADVANCED_FACE('',(#1747),#1758,.F.);
#1747 = FACE_BOUND('',#1748,.F.);
#1748 = EDGE_LOOP('',(#1749,#1755,#1756,#1757));
#1749 = ORIENTED_EDGE('',*,*,#1750,.T.);
#1750 = EDGE_CURVE('',#1683,#1598,#1751,.T.);
#1751 = LINE('',#1752,#1753);
#1752 = CARTESIAN_POINT('',(-22.64008570052,-8.169953162494,
    -1.600003024164));
#1753 = VECTOR('',#1754,1.);
#1754 = DIRECTION('',(0.,0.,1.));
#1755 = ORIENTED_EDGE('',*,*,#1597,.T.);
#1756 = ORIENTED_EDGE('',*,*,#1750,.F.);
#1757 = ORIENTED_EDGE('',*,*,#1682,.F.);
#1758 = CYLINDRICAL_SURFACE('',#1759,1.6);
#1759 = AXIS2_PLACEMENT_3D('',#1760,#1761,#1762);
#1760 = CARTESIAN_POINT('',(-24.24008570052,-8.169953162494,
    -1.600003024164));
#1761 = DIRECTION('',(-0.,-0.,-1.));
#1762 = DIRECTION('',(1.,0.,0.));
#1763 = ADVANCED_FACE('',(#1764),#1775,.F.);
#1764 = FACE_BOUND('',#1765,.F.);
#1765 = EDGE_LOOP('',(#1766,#1772,#1773,#1774));
#1766 = ORIENTED_EDGE('',*,*,#1767,.T.);
#1767 = EDGE_CURVE('',#1694,#1609,#1768,.T.);
#1768 = LINE('',#1769,#1770);
#1769 = CARTESIAN_POINT('',(-59.36008570052,59.090046837506,
    -1.600003024164));
#1770 = VECTOR('',#1771,1.);
#1771 = DIRECTION('',(0.,0.,1.));
#1772 = ORIENTED_EDGE('',*,*,#1608,.T.);
#1773 = ORIENTED_EDGE('',*,*,#1767,.F.);
#1774 = ORIENTED_EDGE('',*,*,#1693,.F.);
#1775 = CYLINDRICAL_SURFACE('',#1776,1.6);
#1776 = AXIS2_PLACEMENT_3D('',#1777,#1778,#1779);
#1777 = CARTESIAN_POINT('',(-60.96008570052,59.090046837506,
    -1.600003024164));
#1778 = DIRECTION('',(-0.,-0.,-1.));
#1779 = DIRECTION('',(1.,0.,0.));
#1780 = ADVANCED_FACE('',(#1781),#1792,.F.);
#1781 = FACE_BOUND('',#1782,.F.);
#1782 = EDGE_LOOP('',(#1783,#1789,#1790,#1791));
#1783 = ORIENTED_EDGE('',*,*,#1784,.T.);
#1784 = EDGE_CURVE('',#1705,#1620,#1785,.T.);
#1785 = LINE('',#1786,#1787);
#1786 = CARTESIAN_POINT('',(-22.64008570052,59.090046837506,
    -1.600003024164));
#1787 = VECTOR('',#1788,1.);
#1788 = DIRECTION('',(0.,0.,1.));
#1789 = ORIENTED_EDGE('',*,*,#1619,.T.);
#1790 = ORIENTED_EDGE('',*,*,#1784,.F.);
#1791 = ORIENTED_EDGE('',*,*,#1704,.F.);
#1792 = CYLINDRICAL_SURFACE('',#1793,1.6);
#1793 = AXIS2_PLACEMENT_3D('',#1794,#1795,#1796);
#1794 = CARTESIAN_POINT('',(-24.24008570052,59.090046837506,
    -1.600003024164));
#1795 = DIRECTION('',(-0.,-0.,-1.));
#1796 = DIRECTION('',(1.,0.,0.));
#1797 = ( GEOMETRIC_REPRESENTATION_CONTEXT(3) 
GLOBAL_UNCERTAINTY_ASSIGNED_CONTEXT((#1801)) 
GLOBAL_UNIT_ASSIGNED_CONTEXT((#1798,#1799,#1800)) REPRESENTATION_CONTEXT
('Context #1','3D Context with UNIT and UNCERTAINTY') );
#1798 = ( LENGTH_UNIT() NAMED_UNIT(*) SI_UNIT(.MILLI.,.METRE.) );
#1799 = ( NAMED_UNIT(*) PLANE_ANGLE_UNIT() SI_UNIT($,.RADIAN.) );
#1800 = ( NAMED_UNIT(*) SI_UNIT($,.STERADIAN.) SOLID_ANGLE_UNIT() );
#1801 = UNCERTAINTY_MEASURE_WITH_UNIT(LENGTH_MEASURE(1.E-07),#1798,
  'distance_accuracy_value','confusion accuracy');
#1802 = CONTEXT_DEPENDENT_SHAPE_REPRESENTATION(#1803,#1805);
#1803 = ( REPRESENTATION_RELATIONSHIP('','',#1490,#1379) 
REPRESENTATION_RELATIONSHIP_WITH_TRANSFORMATION(#1804) 
SHAPE_REPRESENTATION_RELATIONSHIP() );
#1804 = ITEM_DEFINED_TRANSFORMATION('','',#11,#1380);
#1805 = PRODUCT_DEFINITION_SHAPE('Placement','Placement of an item',
  #1806);
#1806 = NEXT_ASSEMBLY_USAGE_OCCURRENCE('8','=>[0:1:1:9]','',#1374,#1485,
  $);
#1807 = PRODUCT_RELATED_PRODUCT_CATEGORY('part',$,(#1487));
#1808 = SHAPE_DEFINITION_REPRESENTATION(#1809,#1815);
#1809 = PRODUCT_DEFINITION_SHAPE('','',#1810);
#1810 = PRODUCT_DEFINITION('design','',#1811,#1814);
#1811 = PRODUCT_DEFINITION_FORMATION('','',#1812);
#1812 = PRODUCT('display2.4~MSP2402_2.4inch_Touch_Display~n8rM',
  'display2.4~MSP2402_2.4inch_Touch_Display~n8rM','',(#1813));
#1813 = PRODUCT_CONTEXT('',#2,'mechanical');
#1814 = PRODUCT_DEFINITION_CONTEXT('part definition',#2,'design');
#1815 = ADVANCED_BREP_SHAPE_REPRESENTATION('',(#11,#1816),#1966);
#1816 = MANIFOLD_SOLID_BREP('',#1817);
#1817 = CLOSED_SHELL('',(#1818,#1858,#1898,#1920,#1942,#1954));
#1818 = ADVANCED_FACE('',(#1819),#1853,.F.);
#1819 = FACE_BOUND('',#1820,.F.);
#1820 = EDGE_LOOP('',(#1821,#1831,#1839,#1847));
#1821 = ORIENTED_EDGE('',*,*,#1822,.F.);
#1822 = EDGE_CURVE('',#1823,#1825,#1827,.T.);
#1823 = VERTEX_POINT('',#1824);
#1824 = CARTESIAN_POINT('',(-63.96008570052,-4.679953162494,
    9.999697583576E-02));
#1825 = VERTEX_POINT('',#1826);
#1826 = CARTESIAN_POINT('',(-63.96008570052,-4.679953162494,
    4.299996975836));
#1827 = LINE('',#1828,#1829);
#1828 = CARTESIAN_POINT('',(-63.96008570052,-4.679953162494,
    9.999697583576E-02));
#1829 = VECTOR('',#1830,1.);
#1830 = DIRECTION('',(0.,0.,1.));
#1831 = ORIENTED_EDGE('',*,*,#1832,.T.);
#1832 = EDGE_CURVE('',#1823,#1833,#1835,.T.);
#1833 = VERTEX_POINT('',#1834);
#1834 = CARTESIAN_POINT('',(-63.96008570052,55.580046837506,
    9.999697583576E-02));
#1835 = LINE('',#1836,#1837);
#1836 = CARTESIAN_POINT('',(-63.96008570052,-4.679953162494,
    9.999697583576E-02));
#1837 = VECTOR('',#1838,1.);
#1838 = DIRECTION('',(0.,1.,0.));
#1839 = ORIENTED_EDGE('',*,*,#1840,.T.);
#1840 = EDGE_CURVE('',#1833,#1841,#1843,.T.);
#1841 = VERTEX_POINT('',#1842);
#1842 = CARTESIAN_POINT('',(-63.96008570052,55.580046837506,
    4.299996975836));
#1843 = LINE('',#1844,#1845);
#1844 = CARTESIAN_POINT('',(-63.96008570052,55.580046837506,
    9.999697583576E-02));
#1845 = VECTOR('',#1846,1.);
#1846 = DIRECTION('',(0.,0.,1.));
#1847 = ORIENTED_EDGE('',*,*,#1848,.F.);
#1848 = EDGE_CURVE('',#1825,#1841,#1849,.T.);
#1849 = LINE('',#1850,#1851);
#1850 = CARTESIAN_POINT('',(-63.96008570052,-4.679953162494,
    4.299996975836));
#1851 = VECTOR('',#1852,1.);
#1852 = DIRECTION('',(0.,1.,0.));
#1853 = PLANE('',#1854);
#1854 = AXIS2_PLACEMENT_3D('',#1855,#1856,#1857);
#1855 = CARTESIAN_POINT('',(-63.96008570052,-4.679953162494,
    9.999697583576E-02));
#1856 = DIRECTION('',(1.,0.,0.));
#1857 = DIRECTION('',(0.,0.,1.));
#1858 = ADVANCED_FACE('',(#1859),#1893,.T.);
#1859 = FACE_BOUND('',#1860,.T.);
#1860 = EDGE_LOOP('',(#1861,#1871,#1879,#1887));
#1861 = ORIENTED_EDGE('',*,*,#1862,.F.);
#1862 = EDGE_CURVE('',#1863,#1865,#1867,.T.);
#1863 = VERTEX_POINT('',#1864);
#1864 = CARTESIAN_POINT('',(-21.24008570052,-4.679953162494,
    9.999697583576E-02));
#1865 = VERTEX_POINT('',#1866);
#1866 = CARTESIAN_POINT('',(-21.24008570052,-4.679953162494,
    4.299996975836));
#1867 = LINE('',#1868,#1869);
#1868 = CARTESIAN_POINT('',(-21.24008570052,-4.679953162494,
    9.999697583576E-02));
#1869 = VECTOR('',#1870,1.);
#1870 = DIRECTION('',(0.,0.,1.));
#1871 = ORIENTED_EDGE('',*,*,#1872,.T.);
#1872 = EDGE_CURVE('',#1863,#1873,#1875,.T.);
#1873 = VERTEX_POINT('',#1874);
#1874 = CARTESIAN_POINT('',(-21.24008570052,55.580046837506,
    9.999697583576E-02));
#1875 = LINE('',#1876,#1877);
#1876 = CARTESIAN_POINT('',(-21.24008570052,-4.679953162494,
    9.999697583576E-02));
#1877 = VECTOR('',#1878,1.);
#1878 = DIRECTION('',(0.,1.,0.));
#1879 = ORIENTED_EDGE('',*,*,#1880,.T.);
#1880 = EDGE_CURVE('',#1873,#1881,#1883,.T.);
#1881 = VERTEX_POINT('',#1882);
#1882 = CARTESIAN_POINT('',(-21.24008570052,55.580046837506,
    4.299996975836));
#1883 = LINE('',#1884,#1885);
#1884 = CARTESIAN_POINT('',(-21.24008570052,55.580046837506,
    9.999697583576E-02));
#1885 = VECTOR('',#1886,1.);
#1886 = DIRECTION('',(0.,0.,1.));
#1887 = ORIENTED_EDGE('',*,*,#1888,.F.);
#1888 = EDGE_CURVE('',#1865,#1881,#1889,.T.);
#1889 = LINE('',#1890,#1891);
#1890 = CARTESIAN_POINT('',(-21.24008570052,-4.679953162494,
    4.299996975836));
#1891 = VECTOR('',#1892,1.);
#1892 = DIRECTION('',(0.,1.,0.));
#1893 = PLANE('',#1894);
#1894 = AXIS2_PLACEMENT_3D('',#1895,#1896,#1897);
#1895 = CARTESIAN_POINT('',(-21.24008570052,-4.679953162494,
    9.999697583576E-02));
#1896 = DIRECTION('',(1.,0.,0.));
#1897 = DIRECTION('',(0.,0.,1.));
#1898 = ADVANCED_FACE('',(#1899),#1915,.F.);
#1899 = FACE_BOUND('',#1900,.F.);
#1900 = EDGE_LOOP('',(#1901,#1907,#1908,#1914));
#1901 = ORIENTED_EDGE('',*,*,#1902,.F.);
#1902 = EDGE_CURVE('',#1823,#1863,#1903,.T.);
#1903 = LINE('',#1904,#1905);
#1904 = CARTESIAN_POINT('',(-63.96008570052,-4.679953162494,
    9.999697583576E-02));
#1905 = VECTOR('',#1906,1.);
#1906 = DIRECTION('',(1.,0.,0.));
#1907 = ORIENTED_EDGE('',*,*,#1822,.T.);
#1908 = ORIENTED_EDGE('',*,*,#1909,.T.);
#1909 = EDGE_CURVE('',#1825,#1865,#1910,.T.);
#1910 = LINE('',#1911,#1912);
#1911 = CARTESIAN_POINT('',(-63.96008570052,-4.679953162494,
    4.299996975836));
#1912 = VECTOR('',#1913,1.);
#1913 = DIRECTION('',(1.,0.,0.));
#1914 = ORIENTED_EDGE('',*,*,#1862,.F.);
#1915 = PLANE('',#1916);
#1916 = AXIS2_PLACEMENT_3D('',#1917,#1918,#1919);
#1917 = CARTESIAN_POINT('',(-63.96008570052,-4.679953162494,
    9.999697583576E-02));
#1918 = DIRECTION('',(0.,1.,0.));
#1919 = DIRECTION('',(0.,0.,1.));
#1920 = ADVANCED_FACE('',(#1921),#1937,.T.);
#1921 = FACE_BOUND('',#1922,.T.);
#1922 = EDGE_LOOP('',(#1923,#1929,#1930,#1936));
#1923 = ORIENTED_EDGE('',*,*,#1924,.F.);
#1924 = EDGE_CURVE('',#1833,#1873,#1925,.T.);
#1925 = LINE('',#1926,#1927);
#1926 = CARTESIAN_POINT('',(-63.96008570052,55.580046837506,
    9.999697583576E-02));
#1927 = VECTOR('',#1928,1.);
#1928 = DIRECTION('',(1.,0.,0.));
#1929 = ORIENTED_EDGE('',*,*,#1840,.T.);
#1930 = ORIENTED_EDGE('',*,*,#1931,.T.);
#1931 = EDGE_CURVE('',#1841,#1881,#1932,.T.);
#1932 = LINE('',#1933,#1934);
#1933 = CARTESIAN_POINT('',(-63.96008570052,55.580046837506,
    4.299996975836));
#1934 = VECTOR('',#1935,1.);
#1935 = DIRECTION('',(1.,0.,0.));
#1936 = ORIENTED_EDGE('',*,*,#1880,.F.);
#1937 = PLANE('',#1938);
#1938 = AXIS2_PLACEMENT_3D('',#1939,#1940,#1941);
#1939 = CARTESIAN_POINT('',(-63.96008570052,55.580046837506,
    9.999697583576E-02));
#1940 = DIRECTION('',(0.,1.,0.));
#1941 = DIRECTION('',(0.,0.,1.));
#1942 = ADVANCED_FACE('',(#1943),#1949,.F.);
#1943 = FACE_BOUND('',#1944,.F.);
#1944 = EDGE_LOOP('',(#1945,#1946,#1947,#1948));
#1945 = ORIENTED_EDGE('',*,*,#1832,.F.);
#1946 = ORIENTED_EDGE('',*,*,#1902,.T.);
#1947 = ORIENTED_EDGE('',*,*,#1872,.T.);
#1948 = ORIENTED_EDGE('',*,*,#1924,.F.);
#1949 = PLANE('',#1950);
#1950 = AXIS2_PLACEMENT_3D('',#1951,#1952,#1953);
#1951 = CARTESIAN_POINT('',(-63.96008570052,-4.679953162494,
    9.999697583576E-02));
#1952 = DIRECTION('',(0.,0.,1.));
#1953 = DIRECTION('',(1.,0.,0.));
#1954 = ADVANCED_FACE('',(#1955),#1961,.T.);
#1955 = FACE_BOUND('',#1956,.T.);
#1956 = EDGE_LOOP('',(#1957,#1958,#1959,#1960));
#1957 = ORIENTED_EDGE('',*,*,#1848,.F.);
#1958 = ORIENTED_EDGE('',*,*,#1909,.T.);
#1959 = ORIENTED_EDGE('',*,*,#1888,.T.);
#1960 = ORIENTED_EDGE('',*,*,#1931,.F.);
#1961 = PLANE('',#1962);
#1962 = AXIS2_PLACEMENT_3D('',#1963,#1964,#1965);
#1963 = CARTESIAN_POINT('',(-63.96008570052,-4.679953162494,
    4.299996975836));
#1964 = DIRECTION('',(0.,0.,1.));
#1965 = DIRECTION('',(1.,0.,0.));
#1966 = ( GEOMETRIC_REPRESENTATION_CONTEXT(3) 
GLOBAL_UNCERTAINTY_ASSIGNED_CONTEXT((#1970)) 
GLOBAL_UNIT_ASSIGNED_CONTEXT((#1967,#1968,#1969)) REPRESENTATION_CONTEXT
('Context #1','3D Context with UNIT and UNCERTAINTY') );
#1967 = ( LENGTH_UNIT() NAMED_UNIT(*) SI_UNIT(.MILLI.,.METRE.) );
#1968 = ( NAMED_UNIT(*) PLANE_ANGLE_UNIT() SI_UNIT($,.RADIAN.) );
#1969 = ( NAMED_UNIT(*) SI_UNIT($,.STERADIAN.) SOLID_ANGLE_UNIT() );
#1970 = UNCERTAINTY_MEASURE_WITH_UNIT(LENGTH_MEASURE(1.E-07),#1967,
  'distance_accuracy_value','confusion accuracy');
#1971 = CONTEXT_DEPENDENT_SHAPE_REPRESENTATION(#1972,#1974);
#1972 = ( REPRESENTATION_RELATIONSHIP('','',#1815,#1379) 
REPRESENTATION_RELATIONSHIP_WITH_TRANSFORMATION(#1973) 
SHAPE_REPRESENTATION_RELATIONSHIP() );
#1973 = ITEM_DEFINED_TRANSFORMATION('','',#11,#1384);
#1974 = PRODUCT_DEFINITION_SHAPE('Placement','Placement of an item',
  #1975);
#1975 = NEXT_ASSEMBLY_USAGE_OCCURRENCE('9','=>[0:1:1:10]','',#1374,#1810
  ,$);
#1976 = PRODUCT_RELATED_PRODUCT_CATEGORY('part',$,(#1812));
#1977 = SHAPE_DEFINITION_REPRESENTATION(#1978,#1984);
#1978 = PRODUCT_DEFINITION_SHAPE('','',#1979);
#1979 = PRODUCT_DEFINITION('design','',#1980,#1983);
#1980 = PRODUCT_DEFINITION_FORMATION('','',#1981);
#1981 = PRODUCT('display2.4~MSP2402_2.4inch_Touch_Display~n8rM',
  'display2.4~MSP2402_2.4inch_Touch_Display~n8rM','',(#1982));
#1982 = PRODUCT_CONTEXT('',#2,'mechanical');
#1983 = PRODUCT_DEFINITION_CONTEXT('part definition',#2,'design');
#1984 = ADVANCED_BREP_SHAPE_REPRESENTATION('',(#11,#1985),#2271);
#1985 = MANIFOLD_SOLID_BREP('',#1986);
#1986 = CLOSED_SHELL('',(#1987,#2027,#2058,#2116,#2140,#2191,#2203,#2225
    ,#2242,#2259));
#1987 = ADVANCED_FACE('',(#1988),#2022,.F.);
#1988 = FACE_BOUND('',#1989,.F.);
#1989 = EDGE_LOOP('',(#1990,#2000,#2008,#2016));
#1990 = ORIENTED_EDGE('',*,*,#1991,.F.);
#1991 = EDGE_CURVE('',#1992,#1994,#1996,.T.);
#1992 = VERTEX_POINT('',#1993);
#1993 = CARTESIAN_POINT('',(-63.96008570052,-4.679953162494,
    4.299996975836));
#1994 = VERTEX_POINT('',#1995);
#1995 = CARTESIAN_POINT('',(-63.96008570052,-4.679953162494,
    4.499996975836));
#1996 = LINE('',#1997,#1998);
#1997 = CARTESIAN_POINT('',(-63.96008570052,-4.679953162494,
    4.299996975836));
#1998 = VECTOR('',#1999,1.);
#1999 = DIRECTION('',(0.,0.,1.));
#2000 = ORIENTED_EDGE('',*,*,#2001,.T.);
#2001 = EDGE_CURVE('',#1992,#2002,#2004,.T.);
#2002 = VERTEX_POINT('',#2003);
#2003 = CARTESIAN_POINT('',(-63.96008570052,55.580046837506,
    4.299996975836));
#2004 = LINE('',#2005,#2006);
#2005 = CARTESIAN_POINT('',(-63.96008570052,-4.679953162494,
    4.299996975836));
#2006 = VECTOR('',#2007,1.);
#2007 = DIRECTION('',(0.,1.,0.));
#2008 = ORIENTED_EDGE('',*,*,#2009,.T.);
#2009 = EDGE_CURVE('',#2002,#2010,#2012,.T.);
#2010 = VERTEX_POINT('',#2011);
#2011 = CARTESIAN_POINT('',(-63.96008570052,55.580046837506,
    4.499996975836));
#2012 = LINE('',#2013,#2014);
#2013 = CARTESIAN_POINT('',(-63.96008570052,55.580046837506,
    4.299996975836));
#2014 = VECTOR('',#2015,1.);
#2015 = DIRECTION('',(0.,0.,1.));
#2016 = ORIENTED_EDGE('',*,*,#2017,.F.);
#2017 = EDGE_CURVE('',#1994,#2010,#2018,.T.);
#2018 = LINE('',#2019,#2020);
#2019 = CARTESIAN_POINT('',(-63.96008570052,-4.679953162494,
    4.499996975836));
#2020 = VECTOR('',#2021,1.);
#2021 = DIRECTION('',(0.,1.,0.));
#2022 = PLANE('',#2023);
#2023 = AXIS2_PLACEMENT_3D('',#2024,#2025,#2026);
#2024 = CARTESIAN_POINT('',(-63.96008570052,-4.679953162494,
    4.299996975836));
#2025 = DIRECTION('',(1.,0.,0.));
#2026 = DIRECTION('',(0.,0.,1.));
#2027 = ADVANCED_FACE('',(#2028),#2053,.F.);
#2028 = FACE_BOUND('',#2029,.F.);
#2029 = EDGE_LOOP('',(#2030,#2038,#2039,#2047));
#2030 = ORIENTED_EDGE('',*,*,#2031,.F.);
#2031 = EDGE_CURVE('',#1992,#2032,#2034,.T.);
#2032 = VERTEX_POINT('',#2033);
#2033 = CARTESIAN_POINT('',(-21.24008570052,-4.679953162494,
    4.299996975836));
#2034 = LINE('',#2035,#2036);
#2035 = CARTESIAN_POINT('',(-63.96008570052,-4.679953162494,
    4.299996975836));
#2036 = VECTOR('',#2037,1.);
#2037 = DIRECTION('',(1.,0.,0.));
#2038 = ORIENTED_EDGE('',*,*,#1991,.T.);
#2039 = ORIENTED_EDGE('',*,*,#2040,.T.);
#2040 = EDGE_CURVE('',#1994,#2041,#2043,.T.);
#2041 = VERTEX_POINT('',#2042);
#2042 = CARTESIAN_POINT('',(-21.24008570052,-4.679953162494,
    4.499996975836));
#2043 = LINE('',#2044,#2045);
#2044 = CARTESIAN_POINT('',(-63.96008570052,-4.679953162494,
    4.499996975836));
#2045 = VECTOR('',#2046,1.);
#2046 = DIRECTION('',(1.,0.,0.));
#2047 = ORIENTED_EDGE('',*,*,#2048,.F.);
#2048 = EDGE_CURVE('',#2032,#2041,#2049,.T.);
#2049 = LINE('',#2050,#2051);
#2050 = CARTESIAN_POINT('',(-21.24008570052,-4.679953162494,
    4.299996975836));
#2051 = VECTOR('',#2052,1.);
#2052 = DIRECTION('',(0.,0.,1.));
#2053 = PLANE('',#2054);
#2054 = AXIS2_PLACEMENT_3D('',#2055,#2056,#2057);
#2055 = CARTESIAN_POINT('',(-63.96008570052,-4.679953162494,
    4.299996975836));
#2056 = DIRECTION('',(0.,1.,0.));
#2057 = DIRECTION('',(0.,0.,1.));
#2058 = ADVANCED_FACE('',(#2059,#2077),#2111,.T.);
#2059 = FACE_BOUND('',#2060,.T.);
#2060 = EDGE_LOOP('',(#2061,#2062,#2063,#2071));
#2061 = ORIENTED_EDGE('',*,*,#2017,.F.);
#2062 = ORIENTED_EDGE('',*,*,#2040,.T.);
#2063 = ORIENTED_EDGE('',*,*,#2064,.T.);
#2064 = EDGE_CURVE('',#2041,#2065,#2067,.T.);
#2065 = VERTEX_POINT('',#2066);
#2066 = CARTESIAN_POINT('',(-21.24008570052,55.580046837506,
    4.499996975836));
#2067 = LINE('',#2068,#2069);
#2068 = CARTESIAN_POINT('',(-21.24008570052,-4.679953162494,
    4.499996975836));
#2069 = VECTOR('',#2070,1.);
#2070 = DIRECTION('',(0.,1.,0.));
#2071 = ORIENTED_EDGE('',*,*,#2072,.F.);
#2072 = EDGE_CURVE('',#2010,#2065,#2073,.T.);
#2073 = LINE('',#2074,#2075);
#2074 = CARTESIAN_POINT('',(-63.96008570052,55.580046837506,
    4.499996975836));
#2075 = VECTOR('',#2076,1.);
#2076 = DIRECTION('',(1.,0.,0.));
#2077 = FACE_BOUND('',#2078,.T.);
#2078 = EDGE_LOOP('',(#2079,#2089,#2097,#2105));
#2079 = ORIENTED_EDGE('',*,*,#2080,.T.);
#2080 = EDGE_CURVE('',#2081,#2083,#2085,.T.);
#2081 = VERTEX_POINT('',#2082);
#2082 = CARTESIAN_POINT('',(-24.24008570052,3.870046837506,
    4.499996975836));
#2083 = VERTEX_POINT('',#2084);
#2084 = CARTESIAN_POINT('',(-60.96008570052,3.870046837506,
    4.499996975836));
#2085 = LINE('',#2086,#2087);
#2086 = CARTESIAN_POINT('',(-62.46008570052,3.870046837506,
    4.499996975836));
#2087 = VECTOR('',#2088,1.);
#2088 = DIRECTION('',(-1.,0.,0.));
#2089 = ORIENTED_EDGE('',*,*,#2090,.T.);
#2090 = EDGE_CURVE('',#2083,#2091,#2093,.T.);
#2091 = VERTEX_POINT('',#2092);
#2092 = CARTESIAN_POINT('',(-60.96008570052,52.830046837506,
    4.499996975836));
#2093 = LINE('',#2094,#2095);
#2094 = CARTESIAN_POINT('',(-60.96008570052,-0.404953162494,
    4.499996975836));
#2095 = VECTOR('',#2096,1.);
#2096 = DIRECTION('',(0.,1.,0.));
#2097 = ORIENTED_EDGE('',*,*,#2098,.F.);
#2098 = EDGE_CURVE('',#2099,#2091,#2101,.T.);
#2099 = VERTEX_POINT('',#2100);
#2100 = CARTESIAN_POINT('',(-24.24008570052,52.830046837506,
    4.499996975836));
#2101 = LINE('',#2102,#2103);
#2102 = CARTESIAN_POINT('',(-62.46008570052,52.830046837506,
    4.499996975836));
#2103 = VECTOR('',#2104,1.);
#2104 = DIRECTION('',(-1.,0.,0.));
#2105 = ORIENTED_EDGE('',*,*,#2106,.F.);
#2106 = EDGE_CURVE('',#2081,#2099,#2107,.T.);
#2107 = LINE('',#2108,#2109);
#2108 = CARTESIAN_POINT('',(-24.24008570052,-0.404953162494,
    4.499996975836));
#2109 = VECTOR('',#2110,1.);
#2110 = DIRECTION('',(0.,1.,0.));
#2111 = PLANE('',#2112);
#2112 = AXIS2_PLACEMENT_3D('',#2113,#2114,#2115);
#2113 = CARTESIAN_POINT('',(-63.96008570052,-4.679953162494,
    4.499996975836));
#2114 = DIRECTION('',(0.,0.,1.));
#2115 = DIRECTION('',(1.,0.,0.));
#2116 = ADVANCED_FACE('',(#2117),#2135,.T.);
#2117 = FACE_BOUND('',#2118,.T.);
#2118 = EDGE_LOOP('',(#2119,#2127,#2128,#2129));
#2119 = ORIENTED_EDGE('',*,*,#2120,.F.);
#2120 = EDGE_CURVE('',#2002,#2121,#2123,.T.);
#2121 = VERTEX_POINT('',#2122);
#2122 = CARTESIAN_POINT('',(-21.24008570052,55.580046837506,
    4.299996975836));
#2123 = LINE('',#2124,#2125);
#2124 = CARTESIAN_POINT('',(-63.96008570052,55.580046837506,
    4.299996975836));
#2125 = VECTOR('',#2126,1.);
#2126 = DIRECTION('',(1.,0.,0.));
#2127 = ORIENTED_EDGE('',*,*,#2009,.T.);
#2128 = ORIENTED_EDGE('',*,*,#2072,.T.);
#2129 = ORIENTED_EDGE('',*,*,#2130,.F.);
#2130 = EDGE_CURVE('',#2121,#2065,#2131,.T.);
#2131 = LINE('',#2132,#2133);
#2132 = CARTESIAN_POINT('',(-21.24008570052,55.580046837506,
    4.299996975836));
#2133 = VECTOR('',#2134,1.);
#2134 = DIRECTION('',(0.,0.,1.));
#2135 = PLANE('',#2136);
#2136 = AXIS2_PLACEMENT_3D('',#2137,#2138,#2139);
#2137 = CARTESIAN_POINT('',(-63.96008570052,55.580046837506,
    4.299996975836));
#2138 = DIRECTION('',(0.,1.,0.));
#2139 = DIRECTION('',(0.,0.,1.));
#2140 = ADVANCED_FACE('',(#2141,#2152),#2186,.F.);
#2141 = FACE_BOUND('',#2142,.F.);
#2142 = EDGE_LOOP('',(#2143,#2144,#2145,#2151));
#2143 = ORIENTED_EDGE('',*,*,#2001,.F.);
#2144 = ORIENTED_EDGE('',*,*,#2031,.T.);
#2145 = ORIENTED_EDGE('',*,*,#2146,.T.);
#2146 = EDGE_CURVE('',#2032,#2121,#2147,.T.);
#2147 = LINE('',#2148,#2149);
#2148 = CARTESIAN_POINT('',(-21.24008570052,-4.679953162494,
    4.299996975836));
#2149 = VECTOR('',#2150,1.);
#2150 = DIRECTION('',(0.,1.,0.));
#2151 = ORIENTED_EDGE('',*,*,#2120,.F.);
#2152 = FACE_BOUND('',#2153,.F.);
#2153 = EDGE_LOOP('',(#2154,#2164,#2172,#2180));
#2154 = ORIENTED_EDGE('',*,*,#2155,.T.);
#2155 = EDGE_CURVE('',#2156,#2158,#2160,.T.);
#2156 = VERTEX_POINT('',#2157);
#2157 = CARTESIAN_POINT('',(-24.24008570052,3.870046837506,
    4.299996975836));
#2158 = VERTEX_POINT('',#2159);
#2159 = CARTESIAN_POINT('',(-60.96008570052,3.870046837506,
    4.299996975836));
#2160 = LINE('',#2161,#2162);
#2161 = CARTESIAN_POINT('',(-62.46008570052,3.870046837506,
    4.299996975836));
#2162 = VECTOR('',#2163,1.);
#2163 = DIRECTION('',(-1.,0.,0.));
#2164 = ORIENTED_EDGE('',*,*,#2165,.T.);
#2165 = EDGE_CURVE('',#2158,#2166,#2168,.T.);
#2166 = VERTEX_POINT('',#2167);
#2167 = CARTESIAN_POINT('',(-60.96008570052,52.830046837506,
    4.299996975836));
#2168 = LINE('',#2169,#2170);
#2169 = CARTESIAN_POINT('',(-60.96008570052,-0.404953162494,
    4.299996975836));
#2170 = VECTOR('',#2171,1.);
#2171 = DIRECTION('',(0.,1.,0.));
#2172 = ORIENTED_EDGE('',*,*,#2173,.F.);
#2173 = EDGE_CURVE('',#2174,#2166,#2176,.T.);
#2174 = VERTEX_POINT('',#2175);
#2175 = CARTESIAN_POINT('',(-24.24008570052,52.830046837506,
    4.299996975836));
#2176 = LINE('',#2177,#2178);
#2177 = CARTESIAN_POINT('',(-62.46008570052,52.830046837506,
    4.299996975836));
#2178 = VECTOR('',#2179,1.);
#2179 = DIRECTION('',(-1.,0.,0.));
#2180 = ORIENTED_EDGE('',*,*,#2181,.F.);
#2181 = EDGE_CURVE('',#2156,#2174,#2182,.T.);
#2182 = LINE('',#2183,#2184);
#2183 = CARTESIAN_POINT('',(-24.24008570052,-0.404953162494,
    4.299996975836));
#2184 = VECTOR('',#2185,1.);
#2185 = DIRECTION('',(0.,1.,0.));
#2186 = PLANE('',#2187);
#2187 = AXIS2_PLACEMENT_3D('',#2188,#2189,#2190);
#2188 = CARTESIAN_POINT('',(-63.96008570052,-4.679953162494,
    4.299996975836));
#2189 = DIRECTION('',(0.,0.,1.));
#2190 = DIRECTION('',(1.,0.,0.));
#2191 = ADVANCED_FACE('',(#2192),#2198,.T.);
#2192 = FACE_BOUND('',#2193,.T.);
#2193 = EDGE_LOOP('',(#2194,#2195,#2196,#2197));
#2194 = ORIENTED_EDGE('',*,*,#2048,.F.);
#2195 = ORIENTED_EDGE('',*,*,#2146,.T.);
#2196 = ORIENTED_EDGE('',*,*,#2130,.T.);
#2197 = ORIENTED_EDGE('',*,*,#2064,.F.);
#2198 = PLANE('',#2199);
#2199 = AXIS2_PLACEMENT_3D('',#2200,#2201,#2202);
#2200 = CARTESIAN_POINT('',(-21.24008570052,-4.679953162494,
    4.299996975836));
#2201 = DIRECTION('',(1.,0.,0.));
#2202 = DIRECTION('',(0.,0.,1.));
#2203 = ADVANCED_FACE('',(#2204),#2220,.T.);
#2204 = FACE_BOUND('',#2205,.T.);
#2205 = EDGE_LOOP('',(#2206,#2212,#2213,#2219));
#2206 = ORIENTED_EDGE('',*,*,#2207,.F.);
#2207 = EDGE_CURVE('',#2156,#2081,#2208,.T.);
#2208 = LINE('',#2209,#2210);
#2209 = CARTESIAN_POINT('',(-24.24008570052,3.870046837506,
    4.289996975836));
#2210 = VECTOR('',#2211,1.);
#2211 = DIRECTION('',(0.,0.,1.));
#2212 = ORIENTED_EDGE('',*,*,#2155,.T.);
#2213 = ORIENTED_EDGE('',*,*,#2214,.T.);
#2214 = EDGE_CURVE('',#2158,#2083,#2215,.T.);
#2215 = LINE('',#2216,#2217);
#2216 = CARTESIAN_POINT('',(-60.96008570052,3.870046837506,
    4.289996975836));
#2217 = VECTOR('',#2218,1.);
#2218 = DIRECTION('',(0.,0.,1.));
#2219 = ORIENTED_EDGE('',*,*,#2080,.F.);
#2220 = PLANE('',#2221);
#2221 = AXIS2_PLACEMENT_3D('',#2222,#2223,#2224);
#2222 = CARTESIAN_POINT('',(-60.96008570052,3.870046837506,
    4.289996975836));
#2223 = DIRECTION('',(0.,1.,0.));
#2224 = DIRECTION('',(0.,0.,1.));
#2225 = ADVANCED_FACE('',(#2226),#2237,.F.);
#2226 = FACE_BOUND('',#2227,.F.);
#2227 = EDGE_LOOP('',(#2228,#2229,#2230,#2236));
#2228 = ORIENTED_EDGE('',*,*,#2207,.F.);
#2229 = ORIENTED_EDGE('',*,*,#2181,.T.);
#2230 = ORIENTED_EDGE('',*,*,#2231,.T.);
#2231 = EDGE_CURVE('',#2174,#2099,#2232,.T.);
#2232 = LINE('',#2233,#2234);
#2233 = CARTESIAN_POINT('',(-24.24008570052,52.830046837506,
    4.289996975836));
#2234 = VECTOR('',#2235,1.);
#2235 = DIRECTION('',(0.,0.,1.));
#2236 = ORIENTED_EDGE('',*,*,#2106,.F.);
#2237 = PLANE('',#2238);
#2238 = AXIS2_PLACEMENT_3D('',#2239,#2240,#2241);
#2239 = CARTESIAN_POINT('',(-24.24008570052,3.870046837506,
    4.289996975836));
#2240 = DIRECTION('',(1.,0.,0.));
#2241 = DIRECTION('',(0.,0.,1.));
#2242 = ADVANCED_FACE('',(#2243),#2254,.F.);
#2243 = FACE_BOUND('',#2244,.F.);
#2244 = EDGE_LOOP('',(#2245,#2246,#2247,#2253));
#2245 = ORIENTED_EDGE('',*,*,#2231,.F.);
#2246 = ORIENTED_EDGE('',*,*,#2173,.T.);
#2247 = ORIENTED_EDGE('',*,*,#2248,.T.);
#2248 = EDGE_CURVE('',#2166,#2091,#2249,.T.);
#2249 = LINE('',#2250,#2251);
#2250 = CARTESIAN_POINT('',(-60.96008570052,52.830046837506,
    4.289996975836));
#2251 = VECTOR('',#2252,1.);
#2252 = DIRECTION('',(0.,0.,1.));
#2253 = ORIENTED_EDGE('',*,*,#2098,.F.);
#2254 = PLANE('',#2255);
#2255 = AXIS2_PLACEMENT_3D('',#2256,#2257,#2258);
#2256 = CARTESIAN_POINT('',(-60.96008570052,52.830046837506,
    4.289996975836));
#2257 = DIRECTION('',(0.,1.,0.));
#2258 = DIRECTION('',(0.,0.,1.));
#2259 = ADVANCED_FACE('',(#2260),#2266,.T.);
#2260 = FACE_BOUND('',#2261,.T.);
#2261 = EDGE_LOOP('',(#2262,#2263,#2264,#2265));
#2262 = ORIENTED_EDGE('',*,*,#2214,.F.);
#2263 = ORIENTED_EDGE('',*,*,#2165,.T.);
#2264 = ORIENTED_EDGE('',*,*,#2248,.T.);
#2265 = ORIENTED_EDGE('',*,*,#2090,.F.);
#2266 = PLANE('',#2267);
#2267 = AXIS2_PLACEMENT_3D('',#2268,#2269,#2270);
#2268 = CARTESIAN_POINT('',(-60.96008570052,3.870046837506,
    4.289996975836));
#2269 = DIRECTION('',(1.,0.,0.));
#2270 = DIRECTION('',(0.,0.,1.));
#2271 = ( GEOMETRIC_REPRESENTATION_CONTEXT(3) 
GLOBAL_UNCERTAINTY_ASSIGNED_CONTEXT((#2275)) 
GLOBAL_UNIT_ASSIGNED_CONTEXT((#2272,#2273,#2274)) REPRESENTATION_CONTEXT
('Context #1','3D Context with UNIT and UNCERTAINTY') );
#2272 = ( LENGTH_UNIT() NAMED_UNIT(*) SI_UNIT(.MILLI.,.METRE.) );
#2273 = ( NAMED_UNIT(*) PLANE_ANGLE_UNIT() SI_UNIT($,.RADIAN.) );
#2274 = ( NAMED_UNIT(*) SI_UNIT($,.STERADIAN.) SOLID_ANGLE_UNIT() );
#2275 = UNCERTAINTY_MEASURE_WITH_UNIT(LENGTH_MEASURE(1.E-07),#2272,
  'distance_accuracy_value','confusion accuracy');
#2276 = CONTEXT_DEPENDENT_SHAPE_REPRESENTATION(#2277,#2279);
#2277 = ( REPRESENTATION_RELATIONSHIP('','',#1984,#1379) 
REPRESENTATION_RELATIONSHIP_WITH_TRANSFORMATION(#2278) 
SHAPE_REPRESENTATION_RELATIONSHIP() );
#2278 = ITEM_DEFINED_TRANSFORMATION('','',#11,#1388);
#2279 = PRODUCT_DEFINITION_SHAPE('Placement','Placement of an item',
  #2280);
#2280 = NEXT_ASSEMBLY_USAGE_OCCURRENCE('10','=>[0:1:1:11]','',#1374,
  #1979,$);
#2281 = PRODUCT_RELATED_PRODUCT_CATEGORY('part',$,(#1981));
#2282 = SHAPE_DEFINITION_REPRESENTATION(#2283,#2289);
#2283 = PRODUCT_DEFINITION_SHAPE('','',#2284);
#2284 = PRODUCT_DEFINITION('design','',#2285,#2288);
#2285 = PRODUCT_DEFINITION_FORMATION('','',#2286);
#2286 = PRODUCT('display2.4~MSP2402_2.4inch_Touch_Display~n8rM',
  'display2.4~MSP2402_2.4inch_Touch_Display~n8rM','',(#2287));
#2287 = PRODUCT_CONTEXT('',#2,'mechanical');
#2288 = PRODUCT_DEFINITION_CONTEXT('part definition',#2,'design');
#2289 = ADVANCED_BREP_SHAPE_REPRESENTATION('',(#11,#2290),#2440);
#2290 = MANIFOLD_SOLID_BREP('',#2291);
#2291 = CLOSED_SHELL('',(#2292,#2332,#2372,#2394,#2416,#2428));
#2292 = ADVANCED_FACE('',(#2293),#2327,.F.);
#2293 = FACE_BOUND('',#2294,.F.);
#2294 = EDGE_LOOP('',(#2295,#2305,#2313,#2321));
#2295 = ORIENTED_EDGE('',*,*,#2296,.F.);
#2296 = EDGE_CURVE('',#2297,#2299,#2301,.T.);
#2297 = VERTEX_POINT('',#2298);
#2298 = CARTESIAN_POINT('',(-60.96008570052,3.870046837506,
    4.299996975836));
#2299 = VERTEX_POINT('',#2300);
#2300 = CARTESIAN_POINT('',(-60.96008570052,3.870046837506,
    4.499996975836));
#2301 = LINE('',#2302,#2303);
#2302 = CARTESIAN_POINT('',(-60.96008570052,3.870046837506,
    4.299996975836));
#2303 = VECTOR('',#2304,1.);
#2304 = DIRECTION('',(0.,0.,1.));
#2305 = ORIENTED_EDGE('',*,*,#2306,.T.);
#2306 = EDGE_CURVE('',#2297,#2307,#2309,.T.);
#2307 = VERTEX_POINT('',#2308);
#2308 = CARTESIAN_POINT('',(-60.96008570052,52.830046837506,
    4.299996975836));
#2309 = LINE('',#2310,#2311);
#2310 = CARTESIAN_POINT('',(-60.96008570052,3.870046837506,
    4.299996975836));
#2311 = VECTOR('',#2312,1.);
#2312 = DIRECTION('',(0.,1.,0.));
#2313 = ORIENTED_EDGE('',*,*,#2314,.T.);
#2314 = EDGE_CURVE('',#2307,#2315,#2317,.T.);
#2315 = VERTEX_POINT('',#2316);
#2316 = CARTESIAN_POINT('',(-60.96008570052,52.830046837506,
    4.499996975836));
#2317 = LINE('',#2318,#2319);
#2318 = CARTESIAN_POINT('',(-60.96008570052,52.830046837506,
    4.299996975836));
#2319 = VECTOR('',#2320,1.);
#2320 = DIRECTION('',(0.,0.,1.));
#2321 = ORIENTED_EDGE('',*,*,#2322,.F.);
#2322 = EDGE_CURVE('',#2299,#2315,#2323,.T.);
#2323 = LINE('',#2324,#2325);
#2324 = CARTESIAN_POINT('',(-60.96008570052,3.870046837506,
    4.499996975836));
#2325 = VECTOR('',#2326,1.);
#2326 = DIRECTION('',(0.,1.,0.));
#2327 = PLANE('',#2328);
#2328 = AXIS2_PLACEMENT_3D('',#2329,#2330,#2331);
#2329 = CARTESIAN_POINT('',(-60.96008570052,3.870046837506,
    4.299996975836));
#2330 = DIRECTION('',(1.,0.,0.));
#2331 = DIRECTION('',(0.,0.,1.));
#2332 = ADVANCED_FACE('',(#2333),#2367,.T.);
#2333 = FACE_BOUND('',#2334,.T.);
#2334 = EDGE_LOOP('',(#2335,#2345,#2353,#2361));
#2335 = ORIENTED_EDGE('',*,*,#2336,.F.);
#2336 = EDGE_CURVE('',#2337,#2339,#2341,.T.);
#2337 = VERTEX_POINT('',#2338);
#2338 = CARTESIAN_POINT('',(-24.24008570052,3.870046837506,
    4.299996975836));
#2339 = VERTEX_POINT('',#2340);
#2340 = CARTESIAN_POINT('',(-24.24008570052,3.870046837506,
    4.499996975836));
#2341 = LINE('',#2342,#2343);
#2342 = CARTESIAN_POINT('',(-24.24008570052,3.870046837506,
    4.299996975836));
#2343 = VECTOR('',#2344,1.);
#2344 = DIRECTION('',(0.,0.,1.));
#2345 = ORIENTED_EDGE('',*,*,#2346,.T.);
#2346 = EDGE_CURVE('',#2337,#2347,#2349,.T.);
#2347 = VERTEX_POINT('',#2348);
#2348 = CARTESIAN_POINT('',(-24.24008570052,52.830046837506,
    4.299996975836));
#2349 = LINE('',#2350,#2351);
#2350 = CARTESIAN_POINT('',(-24.24008570052,3.870046837506,
    4.299996975836));
#2351 = VECTOR('',#2352,1.);
#2352 = DIRECTION('',(0.,1.,0.));
#2353 = ORIENTED_EDGE('',*,*,#2354,.T.);
#2354 = EDGE_CURVE('',#2347,#2355,#2357,.T.);
#2355 = VERTEX_POINT('',#2356);
#2356 = CARTESIAN_POINT('',(-24.24008570052,52.830046837506,
    4.499996975836));
#2357 = LINE('',#2358,#2359);
#2358 = CARTESIAN_POINT('',(-24.24008570052,52.830046837506,
    4.299996975836));
#2359 = VECTOR('',#2360,1.);
#2360 = DIRECTION('',(0.,0.,1.));
#2361 = ORIENTED_EDGE('',*,*,#2362,.F.);
#2362 = EDGE_CURVE('',#2339,#2355,#2363,.T.);
#2363 = LINE('',#2364,#2365);
#2364 = CARTESIAN_POINT('',(-24.24008570052,3.870046837506,
    4.499996975836));
#2365 = VECTOR('',#2366,1.);
#2366 = DIRECTION('',(0.,1.,0.));
#2367 = PLANE('',#2368);
#2368 = AXIS2_PLACEMENT_3D('',#2369,#2370,#2371);
#2369 = CARTESIAN_POINT('',(-24.24008570052,3.870046837506,
    4.299996975836));
#2370 = DIRECTION('',(1.,0.,0.));
#2371 = DIRECTION('',(0.,0.,1.));
#2372 = ADVANCED_FACE('',(#2373),#2389,.F.);
#2373 = FACE_BOUND('',#2374,.F.);
#2374 = EDGE_LOOP('',(#2375,#2381,#2382,#2388));
#2375 = ORIENTED_EDGE('',*,*,#2376,.F.);
#2376 = EDGE_CURVE('',#2297,#2337,#2377,.T.);
#2377 = LINE('',#2378,#2379);
#2378 = CARTESIAN_POINT('',(-60.96008570052,3.870046837506,
    4.299996975836));
#2379 = VECTOR('',#2380,1.);
#2380 = DIRECTION('',(1.,0.,0.));
#2381 = ORIENTED_EDGE('',*,*,#2296,.T.);
#2382 = ORIENTED_EDGE('',*,*,#2383,.T.);
#2383 = EDGE_CURVE('',#2299,#2339,#2384,.T.);
#2384 = LINE('',#2385,#2386);
#2385 = CARTESIAN_POINT('',(-60.96008570052,3.870046837506,
    4.499996975836));
#2386 = VECTOR('',#2387,1.);
#2387 = DIRECTION('',(1.,0.,0.));
#2388 = ORIENTED_EDGE('',*,*,#2336,.F.);
#2389 = PLANE('',#2390);
#2390 = AXIS2_PLACEMENT_3D('',#2391,#2392,#2393);
#2391 = CARTESIAN_POINT('',(-60.96008570052,3.870046837506,
    4.299996975836));
#2392 = DIRECTION('',(0.,1.,0.));
#2393 = DIRECTION('',(0.,0.,1.));
#2394 = ADVANCED_FACE('',(#2395),#2411,.T.);
#2395 = FACE_BOUND('',#2396,.T.);
#2396 = EDGE_LOOP('',(#2397,#2403,#2404,#2410));
#2397 = ORIENTED_EDGE('',*,*,#2398,.F.);
#2398 = EDGE_CURVE('',#2307,#2347,#2399,.T.);
#2399 = LINE('',#2400,#2401);
#2400 = CARTESIAN_POINT('',(-60.96008570052,52.830046837506,
    4.299996975836));
#2401 = VECTOR('',#2402,1.);
#2402 = DIRECTION('',(1.,0.,0.));
#2403 = ORIENTED_EDGE('',*,*,#2314,.T.);
#2404 = ORIENTED_EDGE('',*,*,#2405,.T.);
#2405 = EDGE_CURVE('',#2315,#2355,#2406,.T.);
#2406 = LINE('',#2407,#2408);
#2407 = CARTESIAN_POINT('',(-60.96008570052,52.830046837506,
    4.499996975836));
#2408 = VECTOR('',#2409,1.);
#2409 = DIRECTION('',(1.,0.,0.));
#2410 = ORIENTED_EDGE('',*,*,#2354,.F.);
#2411 = PLANE('',#2412);
#2412 = AXIS2_PLACEMENT_3D('',#2413,#2414,#2415);
#2413 = CARTESIAN_POINT('',(-60.96008570052,52.830046837506,
    4.299996975836));
#2414 = DIRECTION('',(0.,1.,0.));
#2415 = DIRECTION('',(0.,0.,1.));
#2416 = ADVANCED_FACE('',(#2417),#2423,.F.);
#2417 = FACE_BOUND('',#2418,.F.);
#2418 = EDGE_LOOP('',(#2419,#2420,#2421,#2422));
#2419 = ORIENTED_EDGE('',*,*,#2306,.F.);
#2420 = ORIENTED_EDGE('',*,*,#2376,.T.);
#2421 = ORIENTED_EDGE('',*,*,#2346,.T.);
#2422 = ORIENTED_EDGE('',*,*,#2398,.F.);
#2423 = PLANE('',#2424);
#2424 = AXIS2_PLACEMENT_3D('',#2425,#2426,#2427);
#2425 = CARTESIAN_POINT('',(-60.96008570052,3.870046837506,
    4.299996975836));
#2426 = DIRECTION('',(0.,0.,1.));
#2427 = DIRECTION('',(1.,0.,0.));
#2428 = ADVANCED_FACE('',(#2429),#2435,.T.);
#2429 = FACE_BOUND('',#2430,.T.);
#2430 = EDGE_LOOP('',(#2431,#2432,#2433,#2434));
#2431 = ORIENTED_EDGE('',*,*,#2322,.F.);
#2432 = ORIENTED_EDGE('',*,*,#2383,.T.);
#2433 = ORIENTED_EDGE('',*,*,#2362,.T.);
#2434 = ORIENTED_EDGE('',*,*,#2405,.F.);
#2435 = PLANE('',#2436);
#2436 = AXIS2_PLACEMENT_3D('',#2437,#2438,#2439);
#2437 = CARTESIAN_POINT('',(-60.96008570052,3.870046837506,
    4.499996975836));
#2438 = DIRECTION('',(0.,0.,1.));
#2439 = DIRECTION('',(1.,0.,0.));
#2440 = ( GEOMETRIC_REPRESENTATION_CONTEXT(3) 
GLOBAL_UNCERTAINTY_ASSIGNED_CONTEXT((#2444)) 
GLOBAL_UNIT_ASSIGNED_CONTEXT((#2441,#2442,#2443)) REPRESENTATION_CONTEXT
('Context #1','3D Context with UNIT and UNCERTAINTY') );
#2441 = ( LENGTH_UNIT() NAMED_UNIT(*) SI_UNIT(.MILLI.,.METRE.) );
#2442 = ( NAMED_UNIT(*) PLANE_ANGLE_UNIT() SI_UNIT($,.RADIAN.) );
#2443 = ( NAMED_UNIT(*) SI_UNIT($,.STERADIAN.) SOLID_ANGLE_UNIT() );
#2444 = UNCERTAINTY_MEASURE_WITH_UNIT(LENGTH_MEASURE(1.E-07),#2441,
  'distance_accuracy_value','confusion accuracy');
#2445 = CONTEXT_DEPENDENT_SHAPE_REPRESENTATION(#2446,#2448);
#2446 = ( REPRESENTATION_RELATIONSHIP('','',#2289,#1379) 
REPRESENTATION_RELATIONSHIP_WITH_TRANSFORMATION(#2447) 
SHAPE_REPRESENTATION_RELATIONSHIP() );
#2447 = ITEM_DEFINED_TRANSFORMATION('','',#11,#1392);
#2448 = PRODUCT_DEFINITION_SHAPE('Placement','Placement of an item',
  #2449);
#2449 = NEXT_ASSEMBLY_USAGE_OCCURRENCE('11','=>[0:1:1:12]','',#1374,
  #2284,$);
#2450 = PRODUCT_RELATED_PRODUCT_CATEGORY('part',$,(#2286));
#2451 = SHAPE_DEFINITION_REPRESENTATION(#2452,#2458);
#2452 = PRODUCT_DEFINITION_SHAPE('','',#2453);
#2453 = PRODUCT_DEFINITION('design','',#2454,#2457);
#2454 = PRODUCT_DEFINITION_FORMATION('','',#2455);
#2455 = PRODUCT('display2.4~MSP2402_2.4inch_Touch_Display~n8rM',
  'display2.4~MSP2402_2.4inch_Touch_Display~n8rM','',(#2456));
#2456 = PRODUCT_CONTEXT('',#2,'mechanical');
#2457 = PRODUCT_DEFINITION_CONTEXT('part definition',#2,'design');
#2458 = ADVANCED_BREP_SHAPE_REPRESENTATION('',(#11,#2459),#2609);
#2459 = MANIFOLD_SOLID_BREP('',#2460);
#2460 = CLOSED_SHELL('',(#2461,#2501,#2541,#2563,#2585,#2597));
#2461 = ADVANCED_FACE('',(#2462),#2496,.F.);
#2462 = FACE_BOUND('',#2463,.F.);
#2463 = EDGE_LOOP('',(#2464,#2474,#2482,#2490));
#2464 = ORIENTED_EDGE('',*,*,#2465,.F.);
#2465 = EDGE_CURVE('',#2466,#2468,#2470,.T.);
#2466 = VERTEX_POINT('',#2467);
#2467 = CARTESIAN_POINT('',(-60.38008570052,-14.35995316249,
    -1.100003024164));
#2468 = VERTEX_POINT('',#2469);
#2469 = CARTESIAN_POINT('',(-60.38008570052,-14.35995316249,
    9.999697583576E-02));
#2470 = LINE('',#2471,#2472);
#2471 = CARTESIAN_POINT('',(-60.38008570052,-14.35995316249,
    -1.100003024164));
#2472 = VECTOR('',#2473,1.);
#2473 = DIRECTION('',(0.,0.,1.));
#2474 = ORIENTED_EDGE('',*,*,#2475,.T.);
#2475 = EDGE_CURVE('',#2466,#2476,#2478,.T.);
#2476 = VERTEX_POINT('',#2477);
#2477 = CARTESIAN_POINT('',(-60.38008570052,-11.81995316249,
    -1.100003024164));
#2478 = LINE('',#2479,#2480);
#2479 = CARTESIAN_POINT('',(-60.38008570052,-14.35995316249,
    -1.100003024164));
#2480 = VECTOR('',#2481,1.);
#2481 = DIRECTION('',(0.,1.,0.));
#2482 = ORIENTED_EDGE('',*,*,#2483,.T.);
#2483 = EDGE_CURVE('',#2476,#2484,#2486,.T.);
#2484 = VERTEX_POINT('',#2485);
#2485 = CARTESIAN_POINT('',(-60.38008570052,-11.81995316249,
    9.999697583576E-02));
#2486 = LINE('',#2487,#2488);
#2487 = CARTESIAN_POINT('',(-60.38008570052,-11.81995316249,
    -1.100003024164));
#2488 = VECTOR('',#2489,1.);
#2489 = DIRECTION('',(0.,0.,1.));
#2490 = ORIENTED_EDGE('',*,*,#2491,.F.);
#2491 = EDGE_CURVE('',#2468,#2484,#2492,.T.);
#2492 = LINE('',#2493,#2494);
#2493 = CARTESIAN_POINT('',(-60.38008570052,-14.35995316249,
    9.999697583576E-02));
#2494 = VECTOR('',#2495,1.);
#2495 = DIRECTION('',(0.,1.,0.));
#2496 = PLANE('',#2497);
#2497 = AXIS2_PLACEMENT_3D('',#2498,#2499,#2500);
#2498 = CARTESIAN_POINT('',(-60.38008570052,-14.35995316249,
    -1.100003024164));
#2499 = DIRECTION('',(1.,0.,0.));
#2500 = DIRECTION('',(0.,0.,1.));
#2501 = ADVANCED_FACE('',(#2502),#2536,.T.);
#2502 = FACE_BOUND('',#2503,.T.);
#2503 = EDGE_LOOP('',(#2504,#2514,#2522,#2530));
#2504 = ORIENTED_EDGE('',*,*,#2505,.F.);
#2505 = EDGE_CURVE('',#2506,#2508,#2510,.T.);
#2506 = VERTEX_POINT('',#2507);
#2507 = CARTESIAN_POINT('',(-24.82008570052,-14.35995316249,
    -1.100003024164));
#2508 = VERTEX_POINT('',#2509);
#2509 = CARTESIAN_POINT('',(-24.82008570052,-14.35995316249,
    9.999697583576E-02));
#2510 = LINE('',#2511,#2512);
#2511 = CARTESIAN_POINT('',(-24.82008570052,-14.35995316249,
    -1.100003024164));
#2512 = VECTOR('',#2513,1.);
#2513 = DIRECTION('',(0.,0.,1.));
#2514 = ORIENTED_EDGE('',*,*,#2515,.T.);
#2515 = EDGE_CURVE('',#2506,#2516,#2518,.T.);
#2516 = VERTEX_POINT('',#2517);
#2517 = CARTESIAN_POINT('',(-24.82008570052,-11.81995316249,
    -1.100003024164));
#2518 = LINE('',#2519,#2520);
#2519 = CARTESIAN_POINT('',(-24.82008570052,-14.35995316249,
    -1.100003024164));
#2520 = VECTOR('',#2521,1.);
#2521 = DIRECTION('',(0.,1.,0.));
#2522 = ORIENTED_EDGE('',*,*,#2523,.T.);
#2523 = EDGE_CURVE('',#2516,#2524,#2526,.T.);
#2524 = VERTEX_POINT('',#2525);
#2525 = CARTESIAN_POINT('',(-24.82008570052,-11.81995316249,
    9.999697583576E-02));
#2526 = LINE('',#2527,#2528);
#2527 = CARTESIAN_POINT('',(-24.82008570052,-11.81995316249,
    -1.100003024164));
#2528 = VECTOR('',#2529,1.);
#2529 = DIRECTION('',(0.,0.,1.));
#2530 = ORIENTED_EDGE('',*,*,#2531,.F.);
#2531 = EDGE_CURVE('',#2508,#2524,#2532,.T.);
#2532 = LINE('',#2533,#2534);
#2533 = CARTESIAN_POINT('',(-24.82008570052,-14.35995316249,
    9.999697583576E-02));
#2534 = VECTOR('',#2535,1.);
#2535 = DIRECTION('',(0.,1.,0.));
#2536 = PLANE('',#2537);
#2537 = AXIS2_PLACEMENT_3D('',#2538,#2539,#2540);
#2538 = CARTESIAN_POINT('',(-24.82008570052,-14.35995316249,
    -1.100003024164));
#2539 = DIRECTION('',(1.,0.,0.));
#2540 = DIRECTION('',(0.,0.,1.));
#2541 = ADVANCED_FACE('',(#2542),#2558,.F.);
#2542 = FACE_BOUND('',#2543,.F.);
#2543 = EDGE_LOOP('',(#2544,#2550,#2551,#2557));
#2544 = ORIENTED_EDGE('',*,*,#2545,.F.);
#2545 = EDGE_CURVE('',#2466,#2506,#2546,.T.);
#2546 = LINE('',#2547,#2548);
#2547 = CARTESIAN_POINT('',(-60.38008570052,-14.35995316249,
    -1.100003024164));
#2548 = VECTOR('',#2549,1.);
#2549 = DIRECTION('',(1.,0.,0.));
#2550 = ORIENTED_EDGE('',*,*,#2465,.T.);
#2551 = ORIENTED_EDGE('',*,*,#2552,.T.);
#2552 = EDGE_CURVE('',#2468,#2508,#2553,.T.);
#2553 = LINE('',#2554,#2555);
#2554 = CARTESIAN_POINT('',(-60.38008570052,-14.35995316249,
    9.999697583576E-02));
#2555 = VECTOR('',#2556,1.);
#2556 = DIRECTION('',(1.,0.,0.));
#2557 = ORIENTED_EDGE('',*,*,#2505,.F.);
#2558 = PLANE('',#2559);
#2559 = AXIS2_PLACEMENT_3D('',#2560,#2561,#2562);
#2560 = CARTESIAN_POINT('',(-60.38008570052,-14.35995316249,
    -1.100003024164));
#2561 = DIRECTION('',(0.,1.,0.));
#2562 = DIRECTION('',(0.,0.,1.));
#2563 = ADVANCED_FACE('',(#2564),#2580,.T.);
#2564 = FACE_BOUND('',#2565,.T.);
#2565 = EDGE_LOOP('',(#2566,#2572,#2573,#2579));
#2566 = ORIENTED_EDGE('',*,*,#2567,.F.);
#2567 = EDGE_CURVE('',#2476,#2516,#2568,.T.);
#2568 = LINE('',#2569,#2570);
#2569 = CARTESIAN_POINT('',(-60.38008570052,-11.81995316249,
    -1.100003024164));
#2570 = VECTOR('',#2571,1.);
#2571 = DIRECTION('',(1.,0.,0.));
#2572 = ORIENTED_EDGE('',*,*,#2483,.T.);
#2573 = ORIENTED_EDGE('',*,*,#2574,.T.);
#2574 = EDGE_CURVE('',#2484,#2524,#2575,.T.);
#2575 = LINE('',#2576,#2577);
#2576 = CARTESIAN_POINT('',(-60.38008570052,-11.81995316249,
    9.999697583576E-02));
#2577 = VECTOR('',#2578,1.);
#2578 = DIRECTION('',(1.,0.,0.));
#2579 = ORIENTED_EDGE('',*,*,#2523,.F.);
#2580 = PLANE('',#2581);
#2581 = AXIS2_PLACEMENT_3D('',#2582,#2583,#2584);
#2582 = CARTESIAN_POINT('',(-60.38008570052,-11.81995316249,
    -1.100003024164));
#2583 = DIRECTION('',(0.,1.,0.));
#2584 = DIRECTION('',(0.,0.,1.));
#2585 = ADVANCED_FACE('',(#2586),#2592,.F.);
#2586 = FACE_BOUND('',#2587,.F.);
#2587 = EDGE_LOOP('',(#2588,#2589,#2590,#2591));
#2588 = ORIENTED_EDGE('',*,*,#2475,.F.);
#2589 = ORIENTED_EDGE('',*,*,#2545,.T.);
#2590 = ORIENTED_EDGE('',*,*,#2515,.T.);
#2591 = ORIENTED_EDGE('',*,*,#2567,.F.);
#2592 = PLANE('',#2593);
#2593 = AXIS2_PLACEMENT_3D('',#2594,#2595,#2596);
#2594 = CARTESIAN_POINT('',(-60.38008570052,-14.35995316249,
    -1.100003024164));
#2595 = DIRECTION('',(0.,0.,1.));
#2596 = DIRECTION('',(1.,0.,0.));
#2597 = ADVANCED_FACE('',(#2598),#2604,.T.);
#2598 = FACE_BOUND('',#2599,.T.);
#2599 = EDGE_LOOP('',(#2600,#2601,#2602,#2603));
#2600 = ORIENTED_EDGE('',*,*,#2491,.F.);
#2601 = ORIENTED_EDGE('',*,*,#2552,.T.);
#2602 = ORIENTED_EDGE('',*,*,#2531,.T.);
#2603 = ORIENTED_EDGE('',*,*,#2574,.F.);
#2604 = PLANE('',#2605);
#2605 = AXIS2_PLACEMENT_3D('',#2606,#2607,#2608);
#2606 = CARTESIAN_POINT('',(-60.38008570052,-14.35995316249,
    9.999697583576E-02));
#2607 = DIRECTION('',(0.,0.,1.));
#2608 = DIRECTION('',(1.,0.,0.));
#2609 = ( GEOMETRIC_REPRESENTATION_CONTEXT(3) 
GLOBAL_UNCERTAINTY_ASSIGNED_CONTEXT((#2613)) 
GLOBAL_UNIT_ASSIGNED_CONTEXT((#2610,#2611,#2612)) REPRESENTATION_CONTEXT
('Context #1','3D Context with UNIT and UNCERTAINTY') );
#2610 = ( LENGTH_UNIT() NAMED_UNIT(*) SI_UNIT(.MILLI.,.METRE.) );
#2611 = ( NAMED_UNIT(*) PLANE_ANGLE_UNIT() SI_UNIT($,.RADIAN.) );
#2612 = ( NAMED_UNIT(*) SI_UNIT($,.STERADIAN.) SOLID_ANGLE_UNIT() );
#2613 = UNCERTAINTY_MEASURE_WITH_UNIT(LENGTH_MEASURE(1.E-07),#2610,
  'distance_accuracy_value','confusion accuracy');
#2614 = CONTEXT_DEPENDENT_SHAPE_REPRESENTATION(#2615,#2617);
#2615 = ( REPRESENTATION_RELATIONSHIP('','',#2458,#1379) 
REPRESENTATION_RELATIONSHIP_WITH_TRANSFORMATION(#2616) 
SHAPE_REPRESENTATION_RELATIONSHIP() );
#2616 = ITEM_DEFINED_TRANSFORMATION('','',#11,#1396);
#2617 = PRODUCT_DEFINITION_SHAPE('Placement','Placement of an item',
  #2618);
#2618 = NEXT_ASSEMBLY_USAGE_OCCURRENCE('12','=>[0:1:1:13]','',#1374,
  #2453,$);
#2619 = PRODUCT_RELATED_PRODUCT_CATEGORY('part',$,(#2455));
#2620 = SHAPE_DEFINITION_REPRESENTATION(#2621,#2627);
#2621 = PRODUCT_DEFINITION_SHAPE('','',#2622);
#2622 = PRODUCT_DEFINITION('design','',#2623,#2626);
#2623 = PRODUCT_DEFINITION_FORMATION('','',#2624);
#2624 = PRODUCT('display2.4~MSP2402_2.4inch_Touch_Display~n8rM',
  'display2.4~MSP2402_2.4inch_Touch_Display~n8rM','',(#2625));
#2625 = PRODUCT_CONTEXT('',#2,'mechanical');
#2626 = PRODUCT_DEFINITION_CONTEXT('part definition',#2,'design');
#2627 = ADVANCED_BREP_SHAPE_REPRESENTATION('',(#11,#2628),#2681);
#2628 = MANIFOLD_SOLID_BREP('',#2629);
#2629 = CLOSED_SHELL('',(#2630,#2663,#2672));
#2630 = ADVANCED_FACE('',(#2631),#2658,.T.);
#2631 = FACE_BOUND('',#2632,.T.);
#2632 = EDGE_LOOP('',(#2633,#2642,#2650,#2657));
#2633 = ORIENTED_EDGE('',*,*,#2634,.T.);
#2634 = EDGE_CURVE('',#2635,#2635,#2637,.T.);
#2635 = VERTEX_POINT('',#2636);
#2636 = CARTESIAN_POINT('',(-58.79008570052,-13.08995316249,
    -1.500003024164));
#2637 = CIRCLE('',#2638,0.32);
#2638 = AXIS2_PLACEMENT_3D('',#2639,#2640,#2641);
#2639 = CARTESIAN_POINT('',(-59.11008570052,-13.08995316249,
    -1.500003024164));
#2640 = DIRECTION('',(0.,0.,1.));
#2641 = DIRECTION('',(1.,0.,0.));
#2642 = ORIENTED_EDGE('',*,*,#2643,.T.);
#2643 = EDGE_CURVE('',#2635,#2644,#2646,.T.);
#2644 = VERTEX_POINT('',#2645);
#2645 = CARTESIAN_POINT('',(-58.79008570052,-13.08995316249,
    1.099996975836));
#2646 = LINE('',#2647,#2648);
#2647 = CARTESIAN_POINT('',(-58.79008570052,-13.08995316249,
    -1.500003024164));
#2648 = VECTOR('',#2649,1.);
#2649 = DIRECTION('',(0.,0.,1.));
#2650 = ORIENTED_EDGE('',*,*,#2651,.F.);
#2651 = EDGE_CURVE('',#2644,#2644,#2652,.T.);
#2652 = CIRCLE('',#2653,0.32);
#2653 = AXIS2_PLACEMENT_3D('',#2654,#2655,#2656);
#2654 = CARTESIAN_POINT('',(-59.11008570052,-13.08995316249,
    1.099996975836));
#2655 = DIRECTION('',(0.,0.,1.));
#2656 = DIRECTION('',(1.,0.,0.));
#2657 = ORIENTED_EDGE('',*,*,#2643,.F.);
#2658 = CYLINDRICAL_SURFACE('',#2659,0.32);
#2659 = AXIS2_PLACEMENT_3D('',#2660,#2661,#2662);
#2660 = CARTESIAN_POINT('',(-59.11008570052,-13.08995316249,
    -1.500003024164));
#2661 = DIRECTION('',(-0.,-0.,-1.));
#2662 = DIRECTION('',(1.,0.,0.));
#2663 = ADVANCED_FACE('',(#2664),#2667,.F.);
#2664 = FACE_BOUND('',#2665,.F.);
#2665 = EDGE_LOOP('',(#2666));
#2666 = ORIENTED_EDGE('',*,*,#2634,.T.);
#2667 = PLANE('',#2668);
#2668 = AXIS2_PLACEMENT_3D('',#2669,#2670,#2671);
#2669 = CARTESIAN_POINT('',(-59.11008570052,-13.08995316249,
    -1.500003024164));
#2670 = DIRECTION('',(0.,0.,1.));
#2671 = DIRECTION('',(1.,0.,0.));
#2672 = ADVANCED_FACE('',(#2673),#2676,.T.);
#2673 = FACE_BOUND('',#2674,.T.);
#2674 = EDGE_LOOP('',(#2675));
#2675 = ORIENTED_EDGE('',*,*,#2651,.T.);
#2676 = PLANE('',#2677);
#2677 = AXIS2_PLACEMENT_3D('',#2678,#2679,#2680);
#2678 = CARTESIAN_POINT('',(-59.11008570052,-13.08995316249,
    1.099996975836));
#2679 = DIRECTION('',(0.,0.,1.));
#2680 = DIRECTION('',(1.,0.,0.));
#2681 = ( GEOMETRIC_REPRESENTATION_CONTEXT(3) 
GLOBAL_UNCERTAINTY_ASSIGNED_CONTEXT((#2685)) 
GLOBAL_UNIT_ASSIGNED_CONTEXT((#2682,#2683,#2684)) REPRESENTATION_CONTEXT
('Context #1','3D Context with UNIT and UNCERTAINTY') );
#2682 = ( LENGTH_UNIT() NAMED_UNIT(*) SI_UNIT(.MILLI.,.METRE.) );
#2683 = ( NAMED_UNIT(*) PLANE_ANGLE_UNIT() SI_UNIT($,.RADIAN.) );
#2684 = ( NAMED_UNIT(*) SI_UNIT($,.STERADIAN.) SOLID_ANGLE_UNIT() );
#2685 = UNCERTAINTY_MEASURE_WITH_UNIT(LENGTH_MEASURE(1.E-07),#2682,
  'distance_accuracy_value','confusion accuracy');
#2686 = CONTEXT_DEPENDENT_SHAPE_REPRESENTATION(#2687,#2689);
#2687 = ( REPRESENTATION_RELATIONSHIP('','',#2627,#1379) 
REPRESENTATION_RELATIONSHIP_WITH_TRANSFORMATION(#2688) 
SHAPE_REPRESENTATION_RELATIONSHIP() );
#2688 = ITEM_DEFINED_TRANSFORMATION('','',#11,#1400);
#2689 = PRODUCT_DEFINITION_SHAPE('Placement','Placement of an item',
  #2690);
#2690 = NEXT_ASSEMBLY_USAGE_OCCURRENCE('13','=>[0:1:1:14]','',#1374,
  #2622,$);
#2691 = PRODUCT_RELATED_PRODUCT_CATEGORY('part',$,(#2624));
#2692 = SHAPE_DEFINITION_REPRESENTATION(#2693,#2699);
#2693 = PRODUCT_DEFINITION_SHAPE('','',#2694);
#2694 = PRODUCT_DEFINITION('design','',#2695,#2698);
#2695 = PRODUCT_DEFINITION_FORMATION('','',#2696);
#2696 = PRODUCT('display2.4~MSP2402_2.4inch_Touch_Display~n8rM',
  'display2.4~MSP2402_2.4inch_Touch_Display~n8rM','',(#2697));
#2697 = PRODUCT_CONTEXT('',#2,'mechanical');
#2698 = PRODUCT_DEFINITION_CONTEXT('part definition',#2,'design');
#2699 = ADVANCED_BREP_SHAPE_REPRESENTATION('',(#11,#2700),#2753);
#2700 = MANIFOLD_SOLID_BREP('',#2701);
#2701 = CLOSED_SHELL('',(#2702,#2735,#2744));
#2702 = ADVANCED_FACE('',(#2703),#2730,.T.);
#2703 = FACE_BOUND('',#2704,.T.);
#2704 = EDGE_LOOP('',(#2705,#2714,#2722,#2729));
#2705 = ORIENTED_EDGE('',*,*,#2706,.T.);
#2706 = EDGE_CURVE('',#2707,#2707,#2709,.T.);
#2707 = VERTEX_POINT('',#2708);
#2708 = CARTESIAN_POINT('',(-56.25008570052,-13.08995316249,
    -1.500003024164));
#2709 = CIRCLE('',#2710,0.32);
#2710 = AXIS2_PLACEMENT_3D('',#2711,#2712,#2713);
#2711 = CARTESIAN_POINT('',(-56.57008570052,-13.08995316249,
    -1.500003024164));
#2712 = DIRECTION('',(0.,0.,1.));
#2713 = DIRECTION('',(1.,0.,0.));
#2714 = ORIENTED_EDGE('',*,*,#2715,.T.);
#2715 = EDGE_CURVE('',#2707,#2716,#2718,.T.);
#2716 = VERTEX_POINT('',#2717);
#2717 = CARTESIAN_POINT('',(-56.25008570052,-13.08995316249,
    1.099996975836));
#2718 = LINE('',#2719,#2720);
#2719 = CARTESIAN_POINT('',(-56.25008570052,-13.08995316249,
    -1.500003024164));
#2720 = VECTOR('',#2721,1.);
#2721 = DIRECTION('',(0.,0.,1.));
#2722 = ORIENTED_EDGE('',*,*,#2723,.F.);
#2723 = EDGE_CURVE('',#2716,#2716,#2724,.T.);
#2724 = CIRCLE('',#2725,0.32);
#2725 = AXIS2_PLACEMENT_3D('',#2726,#2727,#2728);
#2726 = CARTESIAN_POINT('',(-56.57008570052,-13.08995316249,
    1.099996975836));
#2727 = DIRECTION('',(0.,0.,1.));
#2728 = DIRECTION('',(1.,0.,0.));
#2729 = ORIENTED_EDGE('',*,*,#2715,.F.);
#2730 = CYLINDRICAL_SURFACE('',#2731,0.32);
#2731 = AXIS2_PLACEMENT_3D('',#2732,#2733,#2734);
#2732 = CARTESIAN_POINT('',(-56.57008570052,-13.08995316249,
    -1.500003024164));
#2733 = DIRECTION('',(-0.,-0.,-1.));
#2734 = DIRECTION('',(1.,0.,0.));
#2735 = ADVANCED_FACE('',(#2736),#2739,.F.);
#2736 = FACE_BOUND('',#2737,.F.);
#2737 = EDGE_LOOP('',(#2738));
#2738 = ORIENTED_EDGE('',*,*,#2706,.T.);
#2739 = PLANE('',#2740);
#2740 = AXIS2_PLACEMENT_3D('',#2741,#2742,#2743);
#2741 = CARTESIAN_POINT('',(-56.57008570052,-13.08995316249,
    -1.500003024164));
#2742 = DIRECTION('',(0.,0.,1.));
#2743 = DIRECTION('',(1.,0.,0.));
#2744 = ADVANCED_FACE('',(#2745),#2748,.T.);
#2745 = FACE_BOUND('',#2746,.T.);
#2746 = EDGE_LOOP('',(#2747));
#2747 = ORIENTED_EDGE('',*,*,#2723,.T.);
#2748 = PLANE('',#2749);
#2749 = AXIS2_PLACEMENT_3D('',#2750,#2751,#2752);
#2750 = CARTESIAN_POINT('',(-56.57008570052,-13.08995316249,
    1.099996975836));
#2751 = DIRECTION('',(0.,0.,1.));
#2752 = DIRECTION('',(1.,0.,0.));
#2753 = ( GEOMETRIC_REPRESENTATION_CONTEXT(3) 
GLOBAL_UNCERTAINTY_ASSIGNED_CONTEXT((#2757)) 
GLOBAL_UNIT_ASSIGNED_CONTEXT((#2754,#2755,#2756)) REPRESENTATION_CONTEXT
('Context #1','3D Context with UNIT and UNCERTAINTY') );
#2754 = ( LENGTH_UNIT() NAMED_UNIT(*) SI_UNIT(.MILLI.,.METRE.) );
#2755 = ( NAMED_UNIT(*) PLANE_ANGLE_UNIT() SI_UNIT($,.RADIAN.) );
#2756 = ( NAMED_UNIT(*) SI_UNIT($,.STERADIAN.) SOLID_ANGLE_UNIT() );
#2757 = UNCERTAINTY_MEASURE_WITH_UNIT(LENGTH_MEASURE(1.E-07),#2754,
  'distance_accuracy_value','confusion accuracy');
#2758 = CONTEXT_DEPENDENT_SHAPE_REPRESENTATION(#2759,#2761);
#2759 = ( REPRESENTATION_RELATIONSHIP('','',#2699,#1379) 
REPRESENTATION_RELATIONSHIP_WITH_TRANSFORMATION(#2760) 
SHAPE_REPRESENTATION_RELATIONSHIP() );
#2760 = ITEM_DEFINED_TRANSFORMATION('','',#11,#1404);
#2761 = PRODUCT_DEFINITION_SHAPE('Placement','Placement of an item',
  #2762);
#2762 = NEXT_ASSEMBLY_USAGE_OCCURRENCE('14','=>[0:1:1:15]','',#1374,
  #2694,$);
#2763 = PRODUCT_RELATED_PRODUCT_CATEGORY('part',$,(#2696));
#2764 = SHAPE_DEFINITION_REPRESENTATION(#2765,#2771);
#2765 = PRODUCT_DEFINITION_SHAPE('','',#2766);
#2766 = PRODUCT_DEFINITION('design','',#2767,#2770);
#2767 = PRODUCT_DEFINITION_FORMATION('','',#2768);
#2768 = PRODUCT('display2.4~MSP2402_2.4inch_Touch_Display~n8rM',
  'display2.4~MSP2402_2.4inch_Touch_Display~n8rM','',(#2769));
#2769 = PRODUCT_CONTEXT('',#2,'mechanical');
#2770 = PRODUCT_DEFINITION_CONTEXT('part definition',#2,'design');
#2771 = ADVANCED_BREP_SHAPE_REPRESENTATION('',(#11,#2772),#2825);
#2772 = MANIFOLD_SOLID_BREP('',#2773);
#2773 = CLOSED_SHELL('',(#2774,#2807,#2816));
#2774 = ADVANCED_FACE('',(#2775),#2802,.T.);
#2775 = FACE_BOUND('',#2776,.T.);
#2776 = EDGE_LOOP('',(#2777,#2786,#2794,#2801));
#2777 = ORIENTED_EDGE('',*,*,#2778,.T.);
#2778 = EDGE_CURVE('',#2779,#2779,#2781,.T.);
#2779 = VERTEX_POINT('',#2780);
#2780 = CARTESIAN_POINT('',(-53.71008570052,-13.08995316249,
    -1.500003024164));
#2781 = CIRCLE('',#2782,0.32);
#2782 = AXIS2_PLACEMENT_3D('',#2783,#2784,#2785);
#2783 = CARTESIAN_POINT('',(-54.03008570052,-13.08995316249,
    -1.500003024164));
#2784 = DIRECTION('',(0.,0.,1.));
#2785 = DIRECTION('',(1.,0.,0.));
#2786 = ORIENTED_EDGE('',*,*,#2787,.T.);
#2787 = EDGE_CURVE('',#2779,#2788,#2790,.T.);
#2788 = VERTEX_POINT('',#2789);
#2789 = CARTESIAN_POINT('',(-53.71008570052,-13.08995316249,
    1.099996975836));
#2790 = LINE('',#2791,#2792);
#2791 = CARTESIAN_POINT('',(-53.71008570052,-13.08995316249,
    -1.500003024164));
#2792 = VECTOR('',#2793,1.);
#2793 = DIRECTION('',(0.,0.,1.));
#2794 = ORIENTED_EDGE('',*,*,#2795,.F.);
#2795 = EDGE_CURVE('',#2788,#2788,#2796,.T.);
#2796 = CIRCLE('',#2797,0.32);
#2797 = AXIS2_PLACEMENT_3D('',#2798,#2799,#2800);
#2798 = CARTESIAN_POINT('',(-54.03008570052,-13.08995316249,
    1.099996975836));
#2799 = DIRECTION('',(0.,0.,1.));
#2800 = DIRECTION('',(1.,0.,0.));
#2801 = ORIENTED_EDGE('',*,*,#2787,.F.);
#2802 = CYLINDRICAL_SURFACE('',#2803,0.32);
#2803 = AXIS2_PLACEMENT_3D('',#2804,#2805,#2806);
#2804 = CARTESIAN_POINT('',(-54.03008570052,-13.08995316249,
    -1.500003024164));
#2805 = DIRECTION('',(-0.,-0.,-1.));
#2806 = DIRECTION('',(1.,0.,0.));
#2807 = ADVANCED_FACE('',(#2808),#2811,.F.);
#2808 = FACE_BOUND('',#2809,.F.);
#2809 = EDGE_LOOP('',(#2810));
#2810 = ORIENTED_EDGE('',*,*,#2778,.T.);
#2811 = PLANE('',#2812);
#2812 = AXIS2_PLACEMENT_3D('',#2813,#2814,#2815);
#2813 = CARTESIAN_POINT('',(-54.03008570052,-13.08995316249,
    -1.500003024164));
#2814 = DIRECTION('',(0.,0.,1.));
#2815 = DIRECTION('',(1.,0.,0.));
#2816 = ADVANCED_FACE('',(#2817),#2820,.T.);
#2817 = FACE_BOUND('',#2818,.T.);
#2818 = EDGE_LOOP('',(#2819));
#2819 = ORIENTED_EDGE('',*,*,#2795,.T.);
#2820 = PLANE('',#2821);
#2821 = AXIS2_PLACEMENT_3D('',#2822,#2823,#2824);
#2822 = CARTESIAN_POINT('',(-54.03008570052,-13.08995316249,
    1.099996975836));
#2823 = DIRECTION('',(0.,0.,1.));
#2824 = DIRECTION('',(1.,0.,0.));
#2825 = ( GEOMETRIC_REPRESENTATION_CONTEXT(3) 
GLOBAL_UNCERTAINTY_ASSIGNED_CONTEXT((#2829)) 
GLOBAL_UNIT_ASSIGNED_CONTEXT((#2826,#2827,#2828)) REPRESENTATION_CONTEXT
('Context #1','3D Context with UNIT and UNCERTAINTY') );
#2826 = ( LENGTH_UNIT() NAMED_UNIT(*) SI_UNIT(.MILLI.,.METRE.) );
#2827 = ( NAMED_UNIT(*) PLANE_ANGLE_UNIT() SI_UNIT($,.RADIAN.) );
#2828 = ( NAMED_UNIT(*) SI_UNIT($,.STERADIAN.) SOLID_ANGLE_UNIT() );
#2829 = UNCERTAINTY_MEASURE_WITH_UNIT(LENGTH_MEASURE(1.E-07),#2826,
  'distance_accuracy_value','confusion accuracy');
#2830 = CONTEXT_DEPENDENT_SHAPE_REPRESENTATION(#2831,#2833);
#2831 = ( REPRESENTATION_RELATIONSHIP('','',#2771,#1379) 
REPRESENTATION_RELATIONSHIP_WITH_TRANSFORMATION(#2832) 
SHAPE_REPRESENTATION_RELATIONSHIP() );
#2832 = ITEM_DEFINED_TRANSFORMATION('','',#11,#1408);
#2833 = PRODUCT_DEFINITION_SHAPE('Placement','Placement of an item',
  #2834);
#2834 = NEXT_ASSEMBLY_USAGE_OCCURRENCE('15','=>[0:1:1:16]','',#1374,
  #2766,$);
#2835 = PRODUCT_RELATED_PRODUCT_CATEGORY('part',$,(#2768));
#2836 = SHAPE_DEFINITION_REPRESENTATION(#2837,#2843);
#2837 = PRODUCT_DEFINITION_SHAPE('','',#2838);
#2838 = PRODUCT_DEFINITION('design','',#2839,#2842);
#2839 = PRODUCT_DEFINITION_FORMATION('','',#2840);
#2840 = PRODUCT('display2.4~MSP2402_2.4inch_Touch_Display~n8rM',
  'display2.4~MSP2402_2.4inch_Touch_Display~n8rM','',(#2841));
#2841 = PRODUCT_CONTEXT('',#2,'mechanical');
#2842 = PRODUCT_DEFINITION_CONTEXT('part definition',#2,'design');
#2843 = ADVANCED_BREP_SHAPE_REPRESENTATION('',(#11,#2844),#2897);
#2844 = MANIFOLD_SOLID_BREP('',#2845);
#2845 = CLOSED_SHELL('',(#2846,#2879,#2888));
#2846 = ADVANCED_FACE('',(#2847),#2874,.T.);
#2847 = FACE_BOUND('',#2848,.T.);
#2848 = EDGE_LOOP('',(#2849,#2858,#2866,#2873));
#2849 = ORIENTED_EDGE('',*,*,#2850,.T.);
#2850 = EDGE_CURVE('',#2851,#2851,#2853,.T.);
#2851 = VERTEX_POINT('',#2852);
#2852 = CARTESIAN_POINT('',(-51.17008570052,-13.08995316249,
    -1.500003024164));
#2853 = CIRCLE('',#2854,0.32);
#2854 = AXIS2_PLACEMENT_3D('',#2855,#2856,#2857);
#2855 = CARTESIAN_POINT('',(-51.49008570052,-13.08995316249,
    -1.500003024164));
#2856 = DIRECTION('',(0.,0.,1.));
#2857 = DIRECTION('',(1.,0.,0.));
#2858 = ORIENTED_EDGE('',*,*,#2859,.T.);
#2859 = EDGE_CURVE('',#2851,#2860,#2862,.T.);
#2860 = VERTEX_POINT('',#2861);
#2861 = CARTESIAN_POINT('',(-51.17008570052,-13.08995316249,
    1.099996975836));
#2862 = LINE('',#2863,#2864);
#2863 = CARTESIAN_POINT('',(-51.17008570052,-13.08995316249,
    -1.500003024164));
#2864 = VECTOR('',#2865,1.);
#2865 = DIRECTION('',(0.,0.,1.));
#2866 = ORIENTED_EDGE('',*,*,#2867,.F.);
#2867 = EDGE_CURVE('',#2860,#2860,#2868,.T.);
#2868 = CIRCLE('',#2869,0.32);
#2869 = AXIS2_PLACEMENT_3D('',#2870,#2871,#2872);
#2870 = CARTESIAN_POINT('',(-51.49008570052,-13.08995316249,
    1.099996975836));
#2871 = DIRECTION('',(0.,0.,1.));
#2872 = DIRECTION('',(1.,0.,0.));
#2873 = ORIENTED_EDGE('',*,*,#2859,.F.);
#2874 = CYLINDRICAL_SURFACE('',#2875,0.32);
#2875 = AXIS2_PLACEMENT_3D('',#2876,#2877,#2878);
#2876 = CARTESIAN_POINT('',(-51.49008570052,-13.08995316249,
    -1.500003024164));
#2877 = DIRECTION('',(-0.,-0.,-1.));
#2878 = DIRECTION('',(1.,0.,0.));
#2879 = ADVANCED_FACE('',(#2880),#2883,.F.);
#2880 = FACE_BOUND('',#2881,.F.);
#2881 = EDGE_LOOP('',(#2882));
#2882 = ORIENTED_EDGE('',*,*,#2850,.T.);
#2883 = PLANE('',#2884);
#2884 = AXIS2_PLACEMENT_3D('',#2885,#2886,#2887);
#2885 = CARTESIAN_POINT('',(-51.49008570052,-13.08995316249,
    -1.500003024164));
#2886 = DIRECTION('',(0.,0.,1.));
#2887 = DIRECTION('',(1.,0.,0.));
#2888 = ADVANCED_FACE('',(#2889),#2892,.T.);
#2889 = FACE_BOUND('',#2890,.T.);
#2890 = EDGE_LOOP('',(#2891));
#2891 = ORIENTED_EDGE('',*,*,#2867,.T.);
#2892 = PLANE('',#2893);
#2893 = AXIS2_PLACEMENT_3D('',#2894,#2895,#2896);
#2894 = CARTESIAN_POINT('',(-51.49008570052,-13.08995316249,
    1.099996975836));
#2895 = DIRECTION('',(0.,0.,1.));
#2896 = DIRECTION('',(1.,0.,0.));
#2897 = ( GEOMETRIC_REPRESENTATION_CONTEXT(3) 
GLOBAL_UNCERTAINTY_ASSIGNED_CONTEXT((#2901)) 
GLOBAL_UNIT_ASSIGNED_CONTEXT((#2898,#2899,#2900)) REPRESENTATION_CONTEXT
('Context #1','3D Context with UNIT and UNCERTAINTY') );
#2898 = ( LENGTH_UNIT() NAMED_UNIT(*) SI_UNIT(.MILLI.,.METRE.) );
#2899 = ( NAMED_UNIT(*) PLANE_ANGLE_UNIT() SI_UNIT($,.RADIAN.) );
#2900 = ( NAMED_UNIT(*) SI_UNIT($,.STERADIAN.) SOLID_ANGLE_UNIT() );
#2901 = UNCERTAINTY_MEASURE_WITH_UNIT(LENGTH_MEASURE(1.E-07),#2898,
  'distance_accuracy_value','confusion accuracy');
#2902 = CONTEXT_DEPENDENT_SHAPE_REPRESENTATION(#2903,#2905);
#2903 = ( REPRESENTATION_RELATIONSHIP('','',#2843,#1379) 
REPRESENTATION_RELATIONSHIP_WITH_TRANSFORMATION(#2904) 
SHAPE_REPRESENTATION_RELATIONSHIP() );
#2904 = ITEM_DEFINED_TRANSFORMATION('','',#11,#1412);
#2905 = PRODUCT_DEFINITION_SHAPE('Placement','Placement of an item',
  #2906);
#2906 = NEXT_ASSEMBLY_USAGE_OCCURRENCE('16','=>[0:1:1:17]','',#1374,
  #2838,$);
#2907 = PRODUCT_RELATED_PRODUCT_CATEGORY('part',$,(#2840));
#2908 = SHAPE_DEFINITION_REPRESENTATION(#2909,#2915);
#2909 = PRODUCT_DEFINITION_SHAPE('','',#2910);
#2910 = PRODUCT_DEFINITION('design','',#2911,#2914);
#2911 = PRODUCT_DEFINITION_FORMATION('','',#2912);
#2912 = PRODUCT('display2.4~MSP2402_2.4inch_Touch_Display~n8rM',
  'display2.4~MSP2402_2.4inch_Touch_Display~n8rM','',(#2913));
#2913 = PRODUCT_CONTEXT('',#2,'mechanical');
#2914 = PRODUCT_DEFINITION_CONTEXT('part definition',#2,'design');
#2915 = ADVANCED_BREP_SHAPE_REPRESENTATION('',(#11,#2916),#2969);
#2916 = MANIFOLD_SOLID_BREP('',#2917);
#2917 = CLOSED_SHELL('',(#2918,#2951,#2960));
#2918 = ADVANCED_FACE('',(#2919),#2946,.T.);
#2919 = FACE_BOUND('',#2920,.T.);
#2920 = EDGE_LOOP('',(#2921,#2930,#2938,#2945));
#2921 = ORIENTED_EDGE('',*,*,#2922,.T.);
#2922 = EDGE_CURVE('',#2923,#2923,#2925,.T.);
#2923 = VERTEX_POINT('',#2924);
#2924 = CARTESIAN_POINT('',(-48.63008570052,-13.08995316249,
    -1.500003024164));
#2925 = CIRCLE('',#2926,0.32);
#2926 = AXIS2_PLACEMENT_3D('',#2927,#2928,#2929);
#2927 = CARTESIAN_POINT('',(-48.95008570052,-13.08995316249,
    -1.500003024164));
#2928 = DIRECTION('',(0.,0.,1.));
#2929 = DIRECTION('',(1.,0.,0.));
#2930 = ORIENTED_EDGE('',*,*,#2931,.T.);
#2931 = EDGE_CURVE('',#2923,#2932,#2934,.T.);
#2932 = VERTEX_POINT('',#2933);
#2933 = CARTESIAN_POINT('',(-48.63008570052,-13.08995316249,
    1.099996975836));
#2934 = LINE('',#2935,#2936);
#2935 = CARTESIAN_POINT('',(-48.63008570052,-13.08995316249,
    -1.500003024164));
#2936 = VECTOR('',#2937,1.);
#2937 = DIRECTION('',(0.,0.,1.));
#2938 = ORIENTED_EDGE('',*,*,#2939,.F.);
#2939 = EDGE_CURVE('',#2932,#2932,#2940,.T.);
#2940 = CIRCLE('',#2941,0.32);
#2941 = AXIS2_PLACEMENT_3D('',#2942,#2943,#2944);
#2942 = CARTESIAN_POINT('',(-48.95008570052,-13.08995316249,
    1.099996975836));
#2943 = DIRECTION('',(0.,0.,1.));
#2944 = DIRECTION('',(1.,0.,0.));
#2945 = ORIENTED_EDGE('',*,*,#2931,.F.);
#2946 = CYLINDRICAL_SURFACE('',#2947,0.32);
#2947 = AXIS2_PLACEMENT_3D('',#2948,#2949,#2950);
#2948 = CARTESIAN_POINT('',(-48.95008570052,-13.08995316249,
    -1.500003024164));
#2949 = DIRECTION('',(-0.,-0.,-1.));
#2950 = DIRECTION('',(1.,0.,0.));
#2951 = ADVANCED_FACE('',(#2952),#2955,.F.);
#2952 = FACE_BOUND('',#2953,.F.);
#2953 = EDGE_LOOP('',(#2954));
#2954 = ORIENTED_EDGE('',*,*,#2922,.T.);
#2955 = PLANE('',#2956);
#2956 = AXIS2_PLACEMENT_3D('',#2957,#2958,#2959);
#2957 = CARTESIAN_POINT('',(-48.95008570052,-13.08995316249,
    -1.500003024164));
#2958 = DIRECTION('',(0.,0.,1.));
#2959 = DIRECTION('',(1.,0.,0.));
#2960 = ADVANCED_FACE('',(#2961),#2964,.T.);
#2961 = FACE_BOUND('',#2962,.T.);
#2962 = EDGE_LOOP('',(#2963));
#2963 = ORIENTED_EDGE('',*,*,#2939,.T.);
#2964 = PLANE('',#2965);
#2965 = AXIS2_PLACEMENT_3D('',#2966,#2967,#2968);
#2966 = CARTESIAN_POINT('',(-48.95008570052,-13.08995316249,
    1.099996975836));
#2967 = DIRECTION('',(0.,0.,1.));
#2968 = DIRECTION('',(1.,0.,0.));
#2969 = ( GEOMETRIC_REPRESENTATION_CONTEXT(3) 
GLOBAL_UNCERTAINTY_ASSIGNED_CONTEXT((#2973)) 
GLOBAL_UNIT_ASSIGNED_CONTEXT((#2970,#2971,#2972)) REPRESENTATION_CONTEXT
('Context #1','3D Context with UNIT and UNCERTAINTY') );
#2970 = ( LENGTH_UNIT() NAMED_UNIT(*) SI_UNIT(.MILLI.,.METRE.) );
#2971 = ( NAMED_UNIT(*) PLANE_ANGLE_UNIT() SI_UNIT($,.RADIAN.) );
#2972 = ( NAMED_UNIT(*) SI_UNIT($,.STERADIAN.) SOLID_ANGLE_UNIT() );
#2973 = UNCERTAINTY_MEASURE_WITH_UNIT(LENGTH_MEASURE(1.E-07),#2970,
  'distance_accuracy_value','confusion accuracy');
#2974 = CONTEXT_DEPENDENT_SHAPE_REPRESENTATION(#2975,#2977);
#2975 = ( REPRESENTATION_RELATIONSHIP('','',#2915,#1379) 
REPRESENTATION_RELATIONSHIP_WITH_TRANSFORMATION(#2976) 
SHAPE_REPRESENTATION_RELATIONSHIP() );
#2976 = ITEM_DEFINED_TRANSFORMATION('','',#11,#1416);
#2977 = PRODUCT_DEFINITION_SHAPE('Placement','Placement of an item',
  #2978);
#2978 = NEXT_ASSEMBLY_USAGE_OCCURRENCE('17','=>[0:1:1:18]','',#1374,
  #2910,$);
#2979 = PRODUCT_RELATED_PRODUCT_CATEGORY('part',$,(#2912));
#2980 = SHAPE_DEFINITION_REPRESENTATION(#2981,#2987);
#2981 = PRODUCT_DEFINITION_SHAPE('','',#2982);
#2982 = PRODUCT_DEFINITION('design','',#2983,#2986);
#2983 = PRODUCT_DEFINITION_FORMATION('','',#2984);
#2984 = PRODUCT('display2.4~MSP2402_2.4inch_Touch_Display~n8rM',
  'display2.4~MSP2402_2.4inch_Touch_Display~n8rM','',(#2985));
#2985 = PRODUCT_CONTEXT('',#2,'mechanical');
#2986 = PRODUCT_DEFINITION_CONTEXT('part definition',#2,'design');
#2987 = ADVANCED_BREP_SHAPE_REPRESENTATION('',(#11,#2988),#3041);
#2988 = MANIFOLD_SOLID_BREP('',#2989);
#2989 = CLOSED_SHELL('',(#2990,#3023,#3032));
#2990 = ADVANCED_FACE('',(#2991),#3018,.T.);
#2991 = FACE_BOUND('',#2992,.T.);
#2992 = EDGE_LOOP('',(#2993,#3002,#3010,#3017));
#2993 = ORIENTED_EDGE('',*,*,#2994,.T.);
#2994 = EDGE_CURVE('',#2995,#2995,#2997,.T.);
#2995 = VERTEX_POINT('',#2996);
#2996 = CARTESIAN_POINT('',(-46.09008570052,-13.08995316249,
    -1.500003024164));
#2997 = CIRCLE('',#2998,0.32);
#2998 = AXIS2_PLACEMENT_3D('',#2999,#3000,#3001);
#2999 = CARTESIAN_POINT('',(-46.41008570052,-13.08995316249,
    -1.500003024164));
#3000 = DIRECTION('',(0.,0.,1.));
#3001 = DIRECTION('',(1.,0.,0.));
#3002 = ORIENTED_EDGE('',*,*,#3003,.T.);
#3003 = EDGE_CURVE('',#2995,#3004,#3006,.T.);
#3004 = VERTEX_POINT('',#3005);
#3005 = CARTESIAN_POINT('',(-46.09008570052,-13.08995316249,
    1.099996975836));
#3006 = LINE('',#3007,#3008);
#3007 = CARTESIAN_POINT('',(-46.09008570052,-13.08995316249,
    -1.500003024164));
#3008 = VECTOR('',#3009,1.);
#3009 = DIRECTION('',(0.,0.,1.));
#3010 = ORIENTED_EDGE('',*,*,#3011,.F.);
#3011 = EDGE_CURVE('',#3004,#3004,#3012,.T.);
#3012 = CIRCLE('',#3013,0.32);
#3013 = AXIS2_PLACEMENT_3D('',#3014,#3015,#3016);
#3014 = CARTESIAN_POINT('',(-46.41008570052,-13.08995316249,
    1.099996975836));
#3015 = DIRECTION('',(0.,0.,1.));
#3016 = DIRECTION('',(1.,0.,0.));
#3017 = ORIENTED_EDGE('',*,*,#3003,.F.);
#3018 = CYLINDRICAL_SURFACE('',#3019,0.32);
#3019 = AXIS2_PLACEMENT_3D('',#3020,#3021,#3022);
#3020 = CARTESIAN_POINT('',(-46.41008570052,-13.08995316249,
    -1.500003024164));
#3021 = DIRECTION('',(-0.,-0.,-1.));
#3022 = DIRECTION('',(1.,0.,0.));
#3023 = ADVANCED_FACE('',(#3024),#3027,.F.);
#3024 = FACE_BOUND('',#3025,.F.);
#3025 = EDGE_LOOP('',(#3026));
#3026 = ORIENTED_EDGE('',*,*,#2994,.T.);
#3027 = PLANE('',#3028);
#3028 = AXIS2_PLACEMENT_3D('',#3029,#3030,#3031);
#3029 = CARTESIAN_POINT('',(-46.41008570052,-13.08995316249,
    -1.500003024164));
#3030 = DIRECTION('',(0.,0.,1.));
#3031 = DIRECTION('',(1.,0.,0.));
#3032 = ADVANCED_FACE('',(#3033),#3036,.T.);
#3033 = FACE_BOUND('',#3034,.T.);
#3034 = EDGE_LOOP('',(#3035));
#3035 = ORIENTED_EDGE('',*,*,#3011,.T.);
#3036 = PLANE('',#3037);
#3037 = AXIS2_PLACEMENT_3D('',#3038,#3039,#3040);
#3038 = CARTESIAN_POINT('',(-46.41008570052,-13.08995316249,
    1.099996975836));
#3039 = DIRECTION('',(0.,0.,1.));
#3040 = DIRECTION('',(1.,0.,0.));
#3041 = ( GEOMETRIC_REPRESENTATION_CONTEXT(3) 
GLOBAL_UNCERTAINTY_ASSIGNED_CONTEXT((#3045)) 
GLOBAL_UNIT_ASSIGNED_CONTEXT((#3042,#3043,#3044)) REPRESENTATION_CONTEXT
('Context #1','3D Context with UNIT and UNCERTAINTY') );
#3042 = ( LENGTH_UNIT() NAMED_UNIT(*) SI_UNIT(.MILLI.,.METRE.) );
#3043 = ( NAMED_UNIT(*) PLANE_ANGLE_UNIT() SI_UNIT($,.RADIAN.) );
#3044 = ( NAMED_UNIT(*) SI_UNIT($,.STERADIAN.) SOLID_ANGLE_UNIT() );
#3045 = UNCERTAINTY_MEASURE_WITH_UNIT(LENGTH_MEASURE(1.E-07),#3042,
  'distance_accuracy_value','confusion accuracy');
#3046 = CONTEXT_DEPENDENT_SHAPE_REPRESENTATION(#3047,#3049);
#3047 = ( REPRESENTATION_RELATIONSHIP('','',#2987,#1379) 
REPRESENTATION_RELATIONSHIP_WITH_TRANSFORMATION(#3048) 
SHAPE_REPRESENTATION_RELATIONSHIP() );
#3048 = ITEM_DEFINED_TRANSFORMATION('','',#11,#1420);
#3049 = PRODUCT_DEFINITION_SHAPE('Placement','Placement of an item',
  #3050);
#3050 = NEXT_ASSEMBLY_USAGE_OCCURRENCE('18','=>[0:1:1:19]','',#1374,
  #2982,$);
#3051 = PRODUCT_RELATED_PRODUCT_CATEGORY('part',$,(#2984));
#3052 = SHAPE_DEFINITION_REPRESENTATION(#3053,#3059);
#3053 = PRODUCT_DEFINITION_SHAPE('','',#3054);
#3054 = PRODUCT_DEFINITION('design','',#3055,#3058);
#3055 = PRODUCT_DEFINITION_FORMATION('','',#3056);
#3056 = PRODUCT('display2.4~MSP2402_2.4inch_Touch_Display~n8rM',
  'display2.4~MSP2402_2.4inch_Touch_Display~n8rM','',(#3057));
#3057 = PRODUCT_CONTEXT('',#2,'mechanical');
#3058 = PRODUCT_DEFINITION_CONTEXT('part definition',#2,'design');
#3059 = ADVANCED_BREP_SHAPE_REPRESENTATION('',(#11,#3060),#3113);
#3060 = MANIFOLD_SOLID_BREP('',#3061);
#3061 = CLOSED_SHELL('',(#3062,#3095,#3104));
#3062 = ADVANCED_FACE('',(#3063),#3090,.T.);
#3063 = FACE_BOUND('',#3064,.T.);
#3064 = EDGE_LOOP('',(#3065,#3074,#3082,#3089));
#3065 = ORIENTED_EDGE('',*,*,#3066,.T.);
#3066 = EDGE_CURVE('',#3067,#3067,#3069,.T.);
#3067 = VERTEX_POINT('',#3068);
#3068 = CARTESIAN_POINT('',(-43.55008570052,-13.08995316249,
    -1.500003024164));
#3069 = CIRCLE('',#3070,0.32);
#3070 = AXIS2_PLACEMENT_3D('',#3071,#3072,#3073);
#3071 = CARTESIAN_POINT('',(-43.87008570052,-13.08995316249,
    -1.500003024164));
#3072 = DIRECTION('',(0.,0.,1.));
#3073 = DIRECTION('',(1.,0.,0.));
#3074 = ORIENTED_EDGE('',*,*,#3075,.T.);
#3075 = EDGE_CURVE('',#3067,#3076,#3078,.T.);
#3076 = VERTEX_POINT('',#3077);
#3077 = CARTESIAN_POINT('',(-43.55008570052,-13.08995316249,
    1.099996975836));
#3078 = LINE('',#3079,#3080);
#3079 = CARTESIAN_POINT('',(-43.55008570052,-13.08995316249,
    -1.500003024164));
#3080 = VECTOR('',#3081,1.);
#3081 = DIRECTION('',(0.,0.,1.));
#3082 = ORIENTED_EDGE('',*,*,#3083,.F.);
#3083 = EDGE_CURVE('',#3076,#3076,#3084,.T.);
#3084 = CIRCLE('',#3085,0.32);
#3085 = AXIS2_PLACEMENT_3D('',#3086,#3087,#3088);
#3086 = CARTESIAN_POINT('',(-43.87008570052,-13.08995316249,
    1.099996975836));
#3087 = DIRECTION('',(0.,0.,1.));
#3088 = DIRECTION('',(1.,0.,0.));
#3089 = ORIENTED_EDGE('',*,*,#3075,.F.);
#3090 = CYLINDRICAL_SURFACE('',#3091,0.32);
#3091 = AXIS2_PLACEMENT_3D('',#3092,#3093,#3094);
#3092 = CARTESIAN_POINT('',(-43.87008570052,-13.08995316249,
    -1.500003024164));
#3093 = DIRECTION('',(-0.,-0.,-1.));
#3094 = DIRECTION('',(1.,0.,0.));
#3095 = ADVANCED_FACE('',(#3096),#3099,.F.);
#3096 = FACE_BOUND('',#3097,.F.);
#3097 = EDGE_LOOP('',(#3098));
#3098 = ORIENTED_EDGE('',*,*,#3066,.T.);
#3099 = PLANE('',#3100);
#3100 = AXIS2_PLACEMENT_3D('',#3101,#3102,#3103);
#3101 = CARTESIAN_POINT('',(-43.87008570052,-13.08995316249,
    -1.500003024164));
#3102 = DIRECTION('',(0.,0.,1.));
#3103 = DIRECTION('',(1.,0.,0.));
#3104 = ADVANCED_FACE('',(#3105),#3108,.T.);
#3105 = FACE_BOUND('',#3106,.T.);
#3106 = EDGE_LOOP('',(#3107));
#3107 = ORIENTED_EDGE('',*,*,#3083,.T.);
#3108 = PLANE('',#3109);
#3109 = AXIS2_PLACEMENT_3D('',#3110,#3111,#3112);
#3110 = CARTESIAN_POINT('',(-43.87008570052,-13.08995316249,
    1.099996975836));
#3111 = DIRECTION('',(0.,0.,1.));
#3112 = DIRECTION('',(1.,0.,0.));
#3113 = ( GEOMETRIC_REPRESENTATION_CONTEXT(3) 
GLOBAL_UNCERTAINTY_ASSIGNED_CONTEXT((#3117)) 
GLOBAL_UNIT_ASSIGNED_CONTEXT((#3114,#3115,#3116)) REPRESENTATION_CONTEXT
('Context #1','3D Context with UNIT and UNCERTAINTY') );
#3114 = ( LENGTH_UNIT() NAMED_UNIT(*) SI_UNIT(.MILLI.,.METRE.) );
#3115 = ( NAMED_UNIT(*) PLANE_ANGLE_UNIT() SI_UNIT($,.RADIAN.) );
#3116 = ( NAMED_UNIT(*) SI_UNIT($,.STERADIAN.) SOLID_ANGLE_UNIT() );
#3117 = UNCERTAINTY_MEASURE_WITH_UNIT(LENGTH_MEASURE(1.E-07),#3114,
  'distance_accuracy_value','confusion accuracy');
#3118 = CONTEXT_DEPENDENT_SHAPE_REPRESENTATION(#3119,#3121);
#3119 = ( REPRESENTATION_RELATIONSHIP('','',#3059,#1379) 
REPRESENTATION_RELATIONSHIP_WITH_TRANSFORMATION(#3120) 
SHAPE_REPRESENTATION_RELATIONSHIP() );
#3120 = ITEM_DEFINED_TRANSFORMATION('','',#11,#1424);
#3121 = PRODUCT_DEFINITION_SHAPE('Placement','Placement of an item',
  #3122);
#3122 = NEXT_ASSEMBLY_USAGE_OCCURRENCE('19','=>[0:1:1:20]','',#1374,
  #3054,$);
#3123 = PRODUCT_RELATED_PRODUCT_CATEGORY('part',$,(#3056));
#3124 = SHAPE_DEFINITION_REPRESENTATION(#3125,#3131);
#3125 = PRODUCT_DEFINITION_SHAPE('','',#3126);
#3126 = PRODUCT_DEFINITION('design','',#3127,#3130);
#3127 = PRODUCT_DEFINITION_FORMATION('','',#3128);
#3128 = PRODUCT('display2.4~MSP2402_2.4inch_Touch_Display~n8rM',
  'display2.4~MSP2402_2.4inch_Touch_Display~n8rM','',(#3129));
#3129 = PRODUCT_CONTEXT('',#2,'mechanical');
#3130 = PRODUCT_DEFINITION_CONTEXT('part definition',#2,'design');
#3131 = ADVANCED_BREP_SHAPE_REPRESENTATION('',(#11,#3132),#3185);
#3132 = MANIFOLD_SOLID_BREP('',#3133);
#3133 = CLOSED_SHELL('',(#3134,#3167,#3176));
#3134 = ADVANCED_FACE('',(#3135),#3162,.T.);
#3135 = FACE_BOUND('',#3136,.T.);
#3136 = EDGE_LOOP('',(#3137,#3146,#3154,#3161));
#3137 = ORIENTED_EDGE('',*,*,#3138,.T.);
#3138 = EDGE_CURVE('',#3139,#3139,#3141,.T.);
#3139 = VERTEX_POINT('',#3140);
#3140 = CARTESIAN_POINT('',(-41.01008570052,-13.08995316249,
    -1.500003024164));
#3141 = CIRCLE('',#3142,0.32);
#3142 = AXIS2_PLACEMENT_3D('',#3143,#3144,#3145);
#3143 = CARTESIAN_POINT('',(-41.33008570052,-13.08995316249,
    -1.500003024164));
#3144 = DIRECTION('',(0.,0.,1.));
#3145 = DIRECTION('',(1.,0.,0.));
#3146 = ORIENTED_EDGE('',*,*,#3147,.T.);
#3147 = EDGE_CURVE('',#3139,#3148,#3150,.T.);
#3148 = VERTEX_POINT('',#3149);
#3149 = CARTESIAN_POINT('',(-41.01008570052,-13.08995316249,
    1.099996975836));
#3150 = LINE('',#3151,#3152);
#3151 = CARTESIAN_POINT('',(-41.01008570052,-13.08995316249,
    -1.500003024164));
#3152 = VECTOR('',#3153,1.);
#3153 = DIRECTION('',(0.,0.,1.));
#3154 = ORIENTED_EDGE('',*,*,#3155,.F.);
#3155 = EDGE_CURVE('',#3148,#3148,#3156,.T.);
#3156 = CIRCLE('',#3157,0.32);
#3157 = AXIS2_PLACEMENT_3D('',#3158,#3159,#3160);
#3158 = CARTESIAN_POINT('',(-41.33008570052,-13.08995316249,
    1.099996975836));
#3159 = DIRECTION('',(0.,0.,1.));
#3160 = DIRECTION('',(1.,0.,0.));
#3161 = ORIENTED_EDGE('',*,*,#3147,.F.);
#3162 = CYLINDRICAL_SURFACE('',#3163,0.32);
#3163 = AXIS2_PLACEMENT_3D('',#3164,#3165,#3166);
#3164 = CARTESIAN_POINT('',(-41.33008570052,-13.08995316249,
    -1.500003024164));
#3165 = DIRECTION('',(-0.,-0.,-1.));
#3166 = DIRECTION('',(1.,0.,0.));
#3167 = ADVANCED_FACE('',(#3168),#3171,.F.);
#3168 = FACE_BOUND('',#3169,.F.);
#3169 = EDGE_LOOP('',(#3170));
#3170 = ORIENTED_EDGE('',*,*,#3138,.T.);
#3171 = PLANE('',#3172);
#3172 = AXIS2_PLACEMENT_3D('',#3173,#3174,#3175);
#3173 = CARTESIAN_POINT('',(-41.33008570052,-13.08995316249,
    -1.500003024164));
#3174 = DIRECTION('',(0.,0.,1.));
#3175 = DIRECTION('',(1.,0.,0.));
#3176 = ADVANCED_FACE('',(#3177),#3180,.T.);
#3177 = FACE_BOUND('',#3178,.T.);
#3178 = EDGE_LOOP('',(#3179));
#3179 = ORIENTED_EDGE('',*,*,#3155,.T.);
#3180 = PLANE('',#3181);
#3181 = AXIS2_PLACEMENT_3D('',#3182,#3183,#3184);
#3182 = CARTESIAN_POINT('',(-41.33008570052,-13.08995316249,
    1.099996975836));
#3183 = DIRECTION('',(0.,0.,1.));
#3184 = DIRECTION('',(1.,0.,0.));
#3185 = ( GEOMETRIC_REPRESENTATION_CONTEXT(3) 
GLOBAL_UNCERTAINTY_ASSIGNED_CONTEXT((#3189)) 
GLOBAL_UNIT_ASSIGNED_CONTEXT((#3186,#3187,#3188)) REPRESENTATION_CONTEXT
('Context #1','3D Context with UNIT and UNCERTAINTY') );
#3186 = ( LENGTH_UNIT() NAMED_UNIT(*) SI_UNIT(.MILLI.,.METRE.) );
#3187 = ( NAMED_UNIT(*) PLANE_ANGLE_UNIT() SI_UNIT($,.RADIAN.) );
#3188 = ( NAMED_UNIT(*) SI_UNIT($,.STERADIAN.) SOLID_ANGLE_UNIT() );
#3189 = UNCERTAINTY_MEASURE_WITH_UNIT(LENGTH_MEASURE(1.E-07),#3186,
  'distance_accuracy_value','confusion accuracy');
#3190 = CONTEXT_DEPENDENT_SHAPE_REPRESENTATION(#3191,#3193);
#3191 = ( REPRESENTATION_RELATIONSHIP('','',#3131,#1379) 
REPRESENTATION_RELATIONSHIP_WITH_TRANSFORMATION(#3192) 
SHAPE_REPRESENTATION_RELATIONSHIP() );
#3192 = ITEM_DEFINED_TRANSFORMATION('','',#11,#1428);
#3193 = PRODUCT_DEFINITION_SHAPE('Placement','Placement of an item',
  #3194);
#3194 = NEXT_ASSEMBLY_USAGE_OCCURRENCE('20','=>[0:1:1:21]','',#1374,
  #3126,$);
#3195 = PRODUCT_RELATED_PRODUCT_CATEGORY('part',$,(#3128));
#3196 = SHAPE_DEFINITION_REPRESENTATION(#3197,#3203);
#3197 = PRODUCT_DEFINITION_SHAPE('','',#3198);
#3198 = PRODUCT_DEFINITION('design','',#3199,#3202);
#3199 = PRODUCT_DEFINITION_FORMATION('','',#3200);
#3200 = PRODUCT('display2.4~MSP2402_2.4inch_Touch_Display~n8rM',
  'display2.4~MSP2402_2.4inch_Touch_Display~n8rM','',(#3201));
#3201 = PRODUCT_CONTEXT('',#2,'mechanical');
#3202 = PRODUCT_DEFINITION_CONTEXT('part definition',#2,'design');
#3203 = ADVANCED_BREP_SHAPE_REPRESENTATION('',(#11,#3204),#3257);
#3204 = MANIFOLD_SOLID_BREP('',#3205);
#3205 = CLOSED_SHELL('',(#3206,#3239,#3248));
#3206 = ADVANCED_FACE('',(#3207),#3234,.T.);
#3207 = FACE_BOUND('',#3208,.T.);
#3208 = EDGE_LOOP('',(#3209,#3218,#3226,#3233));
#3209 = ORIENTED_EDGE('',*,*,#3210,.T.);
#3210 = EDGE_CURVE('',#3211,#3211,#3213,.T.);
#3211 = VERTEX_POINT('',#3212);
#3212 = CARTESIAN_POINT('',(-38.47008570052,-13.08995316249,
    -1.500003024164));
#3213 = CIRCLE('',#3214,0.32);
#3214 = AXIS2_PLACEMENT_3D('',#3215,#3216,#3217);
#3215 = CARTESIAN_POINT('',(-38.79008570052,-13.08995316249,
    -1.500003024164));
#3216 = DIRECTION('',(0.,0.,1.));
#3217 = DIRECTION('',(1.,0.,0.));
#3218 = ORIENTED_EDGE('',*,*,#3219,.T.);
#3219 = EDGE_CURVE('',#3211,#3220,#3222,.T.);
#3220 = VERTEX_POINT('',#3221);
#3221 = CARTESIAN_POINT('',(-38.47008570052,-13.08995316249,
    1.099996975836));
#3222 = LINE('',#3223,#3224);
#3223 = CARTESIAN_POINT('',(-38.47008570052,-13.08995316249,
    -1.500003024164));
#3224 = VECTOR('',#3225,1.);
#3225 = DIRECTION('',(0.,0.,1.));
#3226 = ORIENTED_EDGE('',*,*,#3227,.F.);
#3227 = EDGE_CURVE('',#3220,#3220,#3228,.T.);
#3228 = CIRCLE('',#3229,0.32);
#3229 = AXIS2_PLACEMENT_3D('',#3230,#3231,#3232);
#3230 = CARTESIAN_POINT('',(-38.79008570052,-13.08995316249,
    1.099996975836));
#3231 = DIRECTION('',(0.,0.,1.));
#3232 = DIRECTION('',(1.,0.,0.));
#3233 = ORIENTED_EDGE('',*,*,#3219,.F.);
#3234 = CYLINDRICAL_SURFACE('',#3235,0.32);
#3235 = AXIS2_PLACEMENT_3D('',#3236,#3237,#3238);
#3236 = CARTESIAN_POINT('',(-38.79008570052,-13.08995316249,
    -1.500003024164));
#3237 = DIRECTION('',(-0.,-0.,-1.));
#3238 = DIRECTION('',(1.,0.,0.));
#3239 = ADVANCED_FACE('',(#3240),#3243,.F.);
#3240 = FACE_BOUND('',#3241,.F.);
#3241 = EDGE_LOOP('',(#3242));
#3242 = ORIENTED_EDGE('',*,*,#3210,.T.);
#3243 = PLANE('',#3244);
#3244 = AXIS2_PLACEMENT_3D('',#3245,#3246,#3247);
#3245 = CARTESIAN_POINT('',(-38.79008570052,-13.08995316249,
    -1.500003024164));
#3246 = DIRECTION('',(0.,0.,1.));
#3247 = DIRECTION('',(1.,0.,0.));
#3248 = ADVANCED_FACE('',(#3249),#3252,.T.);
#3249 = FACE_BOUND('',#3250,.T.);
#3250 = EDGE_LOOP('',(#3251));
#3251 = ORIENTED_EDGE('',*,*,#3227,.T.);
#3252 = PLANE('',#3253);
#3253 = AXIS2_PLACEMENT_3D('',#3254,#3255,#3256);
#3254 = CARTESIAN_POINT('',(-38.79008570052,-13.08995316249,
    1.099996975836));
#3255 = DIRECTION('',(0.,0.,1.));
#3256 = DIRECTION('',(1.,0.,0.));
#3257 = ( GEOMETRIC_REPRESENTATION_CONTEXT(3) 
GLOBAL_UNCERTAINTY_ASSIGNED_CONTEXT((#3261)) 
GLOBAL_UNIT_ASSIGNED_CONTEXT((#3258,#3259,#3260)) REPRESENTATION_CONTEXT
('Context #1','3D Context with UNIT and UNCERTAINTY') );
#3258 = ( LENGTH_UNIT() NAMED_UNIT(*) SI_UNIT(.MILLI.,.METRE.) );
#3259 = ( NAMED_UNIT(*) PLANE_ANGLE_UNIT() SI_UNIT($,.RADIAN.) );
#3260 = ( NAMED_UNIT(*) SI_UNIT($,.STERADIAN.) SOLID_ANGLE_UNIT() );
#3261 = UNCERTAINTY_MEASURE_WITH_UNIT(LENGTH_MEASURE(1.E-07),#3258,
  'distance_accuracy_value','confusion accuracy');
#3262 = CONTEXT_DEPENDENT_SHAPE_REPRESENTATION(#3263,#3265);
#3263 = ( REPRESENTATION_RELATIONSHIP('','',#3203,#1379) 
REPRESENTATION_RELATIONSHIP_WITH_TRANSFORMATION(#3264) 
SHAPE_REPRESENTATION_RELATIONSHIP() );
#3264 = ITEM_DEFINED_TRANSFORMATION('','',#11,#1432);
#3265 = PRODUCT_DEFINITION_SHAPE('Placement','Placement of an item',
  #3266);
#3266 = NEXT_ASSEMBLY_USAGE_OCCURRENCE('21','=>[0:1:1:22]','',#1374,
  #3198,$);
#3267 = PRODUCT_RELATED_PRODUCT_CATEGORY('part',$,(#3200));
#3268 = SHAPE_DEFINITION_REPRESENTATION(#3269,#3275);
#3269 = PRODUCT_DEFINITION_SHAPE('','',#3270);
#3270 = PRODUCT_DEFINITION('design','',#3271,#3274);
#3271 = PRODUCT_DEFINITION_FORMATION('','',#3272);
#3272 = PRODUCT('display2.4~MSP2402_2.4inch_Touch_Display~n8rM',
  'display2.4~MSP2402_2.4inch_Touch_Display~n8rM','',(#3273));
#3273 = PRODUCT_CONTEXT('',#2,'mechanical');
#3274 = PRODUCT_DEFINITION_CONTEXT('part definition',#2,'design');
#3275 = ADVANCED_BREP_SHAPE_REPRESENTATION('',(#11,#3276),#3329);
#3276 = MANIFOLD_SOLID_BREP('',#3277);
#3277 = CLOSED_SHELL('',(#3278,#3311,#3320));
#3278 = ADVANCED_FACE('',(#3279),#3306,.T.);
#3279 = FACE_BOUND('',#3280,.T.);
#3280 = EDGE_LOOP('',(#3281,#3290,#3298,#3305));
#3281 = ORIENTED_EDGE('',*,*,#3282,.T.);
#3282 = EDGE_CURVE('',#3283,#3283,#3285,.T.);
#3283 = VERTEX_POINT('',#3284);
#3284 = CARTESIAN_POINT('',(-35.93008570052,-13.08995316249,
    -1.500003024164));
#3285 = CIRCLE('',#3286,0.32);
#3286 = AXIS2_PLACEMENT_3D('',#3287,#3288,#3289);
#3287 = CARTESIAN_POINT('',(-36.25008570052,-13.08995316249,
    -1.500003024164));
#3288 = DIRECTION('',(0.,0.,1.));
#3289 = DIRECTION('',(1.,0.,0.));
#3290 = ORIENTED_EDGE('',*,*,#3291,.T.);
#3291 = EDGE_CURVE('',#3283,#3292,#3294,.T.);
#3292 = VERTEX_POINT('',#3293);
#3293 = CARTESIAN_POINT('',(-35.93008570052,-13.08995316249,
    1.099996975836));
#3294 = LINE('',#3295,#3296);
#3295 = CARTESIAN_POINT('',(-35.93008570052,-13.08995316249,
    -1.500003024164));
#3296 = VECTOR('',#3297,1.);
#3297 = DIRECTION('',(0.,0.,1.));
#3298 = ORIENTED_EDGE('',*,*,#3299,.F.);
#3299 = EDGE_CURVE('',#3292,#3292,#3300,.T.);
#3300 = CIRCLE('',#3301,0.32);
#3301 = AXIS2_PLACEMENT_3D('',#3302,#3303,#3304);
#3302 = CARTESIAN_POINT('',(-36.25008570052,-13.08995316249,
    1.099996975836));
#3303 = DIRECTION('',(0.,0.,1.));
#3304 = DIRECTION('',(1.,0.,0.));
#3305 = ORIENTED_EDGE('',*,*,#3291,.F.);
#3306 = CYLINDRICAL_SURFACE('',#3307,0.32);
#3307 = AXIS2_PLACEMENT_3D('',#3308,#3309,#3310);
#3308 = CARTESIAN_POINT('',(-36.25008570052,-13.08995316249,
    -1.500003024164));
#3309 = DIRECTION('',(-0.,-0.,-1.));
#3310 = DIRECTION('',(1.,0.,0.));
#3311 = ADVANCED_FACE('',(#3312),#3315,.F.);
#3312 = FACE_BOUND('',#3313,.F.);
#3313 = EDGE_LOOP('',(#3314));
#3314 = ORIENTED_EDGE('',*,*,#3282,.T.);
#3315 = PLANE('',#3316);
#3316 = AXIS2_PLACEMENT_3D('',#3317,#3318,#3319);
#3317 = CARTESIAN_POINT('',(-36.25008570052,-13.08995316249,
    -1.500003024164));
#3318 = DIRECTION('',(0.,0.,1.));
#3319 = DIRECTION('',(1.,0.,0.));
#3320 = ADVANCED_FACE('',(#3321),#3324,.T.);
#3321 = FACE_BOUND('',#3322,.T.);
#3322 = EDGE_LOOP('',(#3323));
#3323 = ORIENTED_EDGE('',*,*,#3299,.T.);
#3324 = PLANE('',#3325);
#3325 = AXIS2_PLACEMENT_3D('',#3326,#3327,#3328);
#3326 = CARTESIAN_POINT('',(-36.25008570052,-13.08995316249,
    1.099996975836));
#3327 = DIRECTION('',(0.,0.,1.));
#3328 = DIRECTION('',(1.,0.,0.));
#3329 = ( GEOMETRIC_REPRESENTATION_CONTEXT(3) 
GLOBAL_UNCERTAINTY_ASSIGNED_CONTEXT((#3333)) 
GLOBAL_UNIT_ASSIGNED_CONTEXT((#3330,#3331,#3332)) REPRESENTATION_CONTEXT
('Context #1','3D Context with UNIT and UNCERTAINTY') );
#3330 = ( LENGTH_UNIT() NAMED_UNIT(*) SI_UNIT(.MILLI.,.METRE.) );
#3331 = ( NAMED_UNIT(*) PLANE_ANGLE_UNIT() SI_UNIT($,.RADIAN.) );
#3332 = ( NAMED_UNIT(*) SI_UNIT($,.STERADIAN.) SOLID_ANGLE_UNIT() );
#3333 = UNCERTAINTY_MEASURE_WITH_UNIT(LENGTH_MEASURE(1.E-07),#3330,
  'distance_accuracy_value','confusion accuracy');
#3334 = CONTEXT_DEPENDENT_SHAPE_REPRESENTATION(#3335,#3337);
#3335 = ( REPRESENTATION_RELATIONSHIP('','',#3275,#1379) 
REPRESENTATION_RELATIONSHIP_WITH_TRANSFORMATION(#3336) 
SHAPE_REPRESENTATION_RELATIONSHIP() );
#3336 = ITEM_DEFINED_TRANSFORMATION('','',#11,#1436);
#3337 = PRODUCT_DEFINITION_SHAPE('Placement','Placement of an item',
  #3338);
#3338 = NEXT_ASSEMBLY_USAGE_OCCURRENCE('22','=>[0:1:1:23]','',#1374,
  #3270,$);
#3339 = PRODUCT_RELATED_PRODUCT_CATEGORY('part',$,(#3272));
#3340 = SHAPE_DEFINITION_REPRESENTATION(#3341,#3347);
#3341 = PRODUCT_DEFINITION_SHAPE('','',#3342);
#3342 = PRODUCT_DEFINITION('design','',#3343,#3346);
#3343 = PRODUCT_DEFINITION_FORMATION('','',#3344);
#3344 = PRODUCT('display2.4~MSP2402_2.4inch_Touch_Display~n8rM',
  'display2.4~MSP2402_2.4inch_Touch_Display~n8rM','',(#3345));
#3345 = PRODUCT_CONTEXT('',#2,'mechanical');
#3346 = PRODUCT_DEFINITION_CONTEXT('part definition',#2,'design');
#3347 = ADVANCED_BREP_SHAPE_REPRESENTATION('',(#11,#3348),#3401);
#3348 = MANIFOLD_SOLID_BREP('',#3349);
#3349 = CLOSED_SHELL('',(#3350,#3383,#3392));
#3350 = ADVANCED_FACE('',(#3351),#3378,.T.);
#3351 = FACE_BOUND('',#3352,.T.);
#3352 = EDGE_LOOP('',(#3353,#3362,#3370,#3377));
#3353 = ORIENTED_EDGE('',*,*,#3354,.T.);
#3354 = EDGE_CURVE('',#3355,#3355,#3357,.T.);
#3355 = VERTEX_POINT('',#3356);
#3356 = CARTESIAN_POINT('',(-33.39008570052,-13.08995316249,
    -1.500003024164));
#3357 = CIRCLE('',#3358,0.32);
#3358 = AXIS2_PLACEMENT_3D('',#3359,#3360,#3361);
#3359 = CARTESIAN_POINT('',(-33.71008570052,-13.08995316249,
    -1.500003024164));
#3360 = DIRECTION('',(0.,0.,1.));
#3361 = DIRECTION('',(1.,0.,0.));
#3362 = ORIENTED_EDGE('',*,*,#3363,.T.);
#3363 = EDGE_CURVE('',#3355,#3364,#3366,.T.);
#3364 = VERTEX_POINT('',#3365);
#3365 = CARTESIAN_POINT('',(-33.39008570052,-13.08995316249,
    1.099996975836));
#3366 = LINE('',#3367,#3368);
#3367 = CARTESIAN_POINT('',(-33.39008570052,-13.08995316249,
    -1.500003024164));
#3368 = VECTOR('',#3369,1.);
#3369 = DIRECTION('',(0.,0.,1.));
#3370 = ORIENTED_EDGE('',*,*,#3371,.F.);
#3371 = EDGE_CURVE('',#3364,#3364,#3372,.T.);
#3372 = CIRCLE('',#3373,0.32);
#3373 = AXIS2_PLACEMENT_3D('',#3374,#3375,#3376);
#3374 = CARTESIAN_POINT('',(-33.71008570052,-13.08995316249,
    1.099996975836));
#3375 = DIRECTION('',(0.,0.,1.));
#3376 = DIRECTION('',(1.,0.,0.));
#3377 = ORIENTED_EDGE('',*,*,#3363,.F.);
#3378 = CYLINDRICAL_SURFACE('',#3379,0.32);
#3379 = AXIS2_PLACEMENT_3D('',#3380,#3381,#3382);
#3380 = CARTESIAN_POINT('',(-33.71008570052,-13.08995316249,
    -1.500003024164));
#3381 = DIRECTION('',(-0.,-0.,-1.));
#3382 = DIRECTION('',(1.,0.,0.));
#3383 = ADVANCED_FACE('',(#3384),#3387,.F.);
#3384 = FACE_BOUND('',#3385,.F.);
#3385 = EDGE_LOOP('',(#3386));
#3386 = ORIENTED_EDGE('',*,*,#3354,.T.);
#3387 = PLANE('',#3388);
#3388 = AXIS2_PLACEMENT_3D('',#3389,#3390,#3391);
#3389 = CARTESIAN_POINT('',(-33.71008570052,-13.08995316249,
    -1.500003024164));
#3390 = DIRECTION('',(0.,0.,1.));
#3391 = DIRECTION('',(1.,0.,0.));
#3392 = ADVANCED_FACE('',(#3393),#3396,.T.);
#3393 = FACE_BOUND('',#3394,.T.);
#3394 = EDGE_LOOP('',(#3395));
#3395 = ORIENTED_EDGE('',*,*,#3371,.T.);
#3396 = PLANE('',#3397);
#3397 = AXIS2_PLACEMENT_3D('',#3398,#3399,#3400);
#3398 = CARTESIAN_POINT('',(-33.71008570052,-13.08995316249,
    1.099996975836));
#3399 = DIRECTION('',(0.,0.,1.));
#3400 = DIRECTION('',(1.,0.,0.));
#3401 = ( GEOMETRIC_REPRESENTATION_CONTEXT(3) 
GLOBAL_UNCERTAINTY_ASSIGNED_CONTEXT((#3405)) 
GLOBAL_UNIT_ASSIGNED_CONTEXT((#3402,#3403,#3404)) REPRESENTATION_CONTEXT
('Context #1','3D Context with UNIT and UNCERTAINTY') );
#3402 = ( LENGTH_UNIT() NAMED_UNIT(*) SI_UNIT(.MILLI.,.METRE.) );
#3403 = ( NAMED_UNIT(*) PLANE_ANGLE_UNIT() SI_UNIT($,.RADIAN.) );
#3404 = ( NAMED_UNIT(*) SI_UNIT($,.STERADIAN.) SOLID_ANGLE_UNIT() );
#3405 = UNCERTAINTY_MEASURE_WITH_UNIT(LENGTH_MEASURE(1.E-07),#3402,
  'distance_accuracy_value','confusion accuracy');
#3406 = CONTEXT_DEPENDENT_SHAPE_REPRESENTATION(#3407,#3409);
#3407 = ( REPRESENTATION_RELATIONSHIP('','',#3347,#1379) 
REPRESENTATION_RELATIONSHIP_WITH_TRANSFORMATION(#3408) 
SHAPE_REPRESENTATION_RELATIONSHIP() );
#3408 = ITEM_DEFINED_TRANSFORMATION('','',#11,#1440);
#3409 = PRODUCT_DEFINITION_SHAPE('Placement','Placement of an item',
  #3410);
#3410 = NEXT_ASSEMBLY_USAGE_OCCURRENCE('23','=>[0:1:1:24]','',#1374,
  #3342,$);
#3411 = PRODUCT_RELATED_PRODUCT_CATEGORY('part',$,(#3344));
#3412 = SHAPE_DEFINITION_REPRESENTATION(#3413,#3419);
#3413 = PRODUCT_DEFINITION_SHAPE('','',#3414);
#3414 = PRODUCT_DEFINITION('design','',#3415,#3418);
#3415 = PRODUCT_DEFINITION_FORMATION('','',#3416);
#3416 = PRODUCT('display2.4~MSP2402_2.4inch_Touch_Display~n8rM',
  'display2.4~MSP2402_2.4inch_Touch_Display~n8rM','',(#3417));
#3417 = PRODUCT_CONTEXT('',#2,'mechanical');
#3418 = PRODUCT_DEFINITION_CONTEXT('part definition',#2,'design');
#3419 = ADVANCED_BREP_SHAPE_REPRESENTATION('',(#11,#3420),#3473);
#3420 = MANIFOLD_SOLID_BREP('',#3421);
#3421 = CLOSED_SHELL('',(#3422,#3455,#3464));
#3422 = ADVANCED_FACE('',(#3423),#3450,.T.);
#3423 = FACE_BOUND('',#3424,.T.);
#3424 = EDGE_LOOP('',(#3425,#3434,#3442,#3449));
#3425 = ORIENTED_EDGE('',*,*,#3426,.T.);
#3426 = EDGE_CURVE('',#3427,#3427,#3429,.T.);
#3427 = VERTEX_POINT('',#3428);
#3428 = CARTESIAN_POINT('',(-30.85008570052,-13.08995316249,
    -1.500003024164));
#3429 = CIRCLE('',#3430,0.32);
#3430 = AXIS2_PLACEMENT_3D('',#3431,#3432,#3433);
#3431 = CARTESIAN_POINT('',(-31.17008570052,-13.08995316249,
    -1.500003024164));
#3432 = DIRECTION('',(0.,0.,1.));
#3433 = DIRECTION('',(1.,0.,0.));
#3434 = ORIENTED_EDGE('',*,*,#3435,.T.);
#3435 = EDGE_CURVE('',#3427,#3436,#3438,.T.);
#3436 = VERTEX_POINT('',#3437);
#3437 = CARTESIAN_POINT('',(-30.85008570052,-13.08995316249,
    1.099996975836));
#3438 = LINE('',#3439,#3440);
#3439 = CARTESIAN_POINT('',(-30.85008570052,-13.08995316249,
    -1.500003024164));
#3440 = VECTOR('',#3441,1.);
#3441 = DIRECTION('',(0.,0.,1.));
#3442 = ORIENTED_EDGE('',*,*,#3443,.F.);
#3443 = EDGE_CURVE('',#3436,#3436,#3444,.T.);
#3444 = CIRCLE('',#3445,0.32);
#3445 = AXIS2_PLACEMENT_3D('',#3446,#3447,#3448);
#3446 = CARTESIAN_POINT('',(-31.17008570052,-13.08995316249,
    1.099996975836));
#3447 = DIRECTION('',(0.,0.,1.));
#3448 = DIRECTION('',(1.,0.,0.));
#3449 = ORIENTED_EDGE('',*,*,#3435,.F.);
#3450 = CYLINDRICAL_SURFACE('',#3451,0.32);
#3451 = AXIS2_PLACEMENT_3D('',#3452,#3453,#3454);
#3452 = CARTESIAN_POINT('',(-31.17008570052,-13.08995316249,
    -1.500003024164));
#3453 = DIRECTION('',(-0.,-0.,-1.));
#3454 = DIRECTION('',(1.,0.,0.));
#3455 = ADVANCED_FACE('',(#3456),#3459,.F.);
#3456 = FACE_BOUND('',#3457,.F.);
#3457 = EDGE_LOOP('',(#3458));
#3458 = ORIENTED_EDGE('',*,*,#3426,.T.);
#3459 = PLANE('',#3460);
#3460 = AXIS2_PLACEMENT_3D('',#3461,#3462,#3463);
#3461 = CARTESIAN_POINT('',(-31.17008570052,-13.08995316249,
    -1.500003024164));
#3462 = DIRECTION('',(0.,0.,1.));
#3463 = DIRECTION('',(1.,0.,0.));
#3464 = ADVANCED_FACE('',(#3465),#3468,.T.);
#3465 = FACE_BOUND('',#3466,.T.);
#3466 = EDGE_LOOP('',(#3467));
#3467 = ORIENTED_EDGE('',*,*,#3443,.T.);
#3468 = PLANE('',#3469);
#3469 = AXIS2_PLACEMENT_3D('',#3470,#3471,#3472);
#3470 = CARTESIAN_POINT('',(-31.17008570052,-13.08995316249,
    1.099996975836));
#3471 = DIRECTION('',(0.,0.,1.));
#3472 = DIRECTION('',(1.,0.,0.));
#3473 = ( GEOMETRIC_REPRESENTATION_CONTEXT(3) 
GLOBAL_UNCERTAINTY_ASSIGNED_CONTEXT((#3477)) 
GLOBAL_UNIT_ASSIGNED_CONTEXT((#3474,#3475,#3476)) REPRESENTATION_CONTEXT
('Context #1','3D Context with UNIT and UNCERTAINTY') );
#3474 = ( LENGTH_UNIT() NAMED_UNIT(*) SI_UNIT(.MILLI.,.METRE.) );
#3475 = ( NAMED_UNIT(*) PLANE_ANGLE_UNIT() SI_UNIT($,.RADIAN.) );
#3476 = ( NAMED_UNIT(*) SI_UNIT($,.STERADIAN.) SOLID_ANGLE_UNIT() );
#3477 = UNCERTAINTY_MEASURE_WITH_UNIT(LENGTH_MEASURE(1.E-07),#3474,
  'distance_accuracy_value','confusion accuracy');
#3478 = CONTEXT_DEPENDENT_SHAPE_REPRESENTATION(#3479,#3481);
#3479 = ( REPRESENTATION_RELATIONSHIP('','',#3419,#1379) 
REPRESENTATION_RELATIONSHIP_WITH_TRANSFORMATION(#3480) 
SHAPE_REPRESENTATION_RELATIONSHIP() );
#3480 = ITEM_DEFINED_TRANSFORMATION('','',#11,#1444);
#3481 = PRODUCT_DEFINITION_SHAPE('Placement','Placement of an item',
  #3482);
#3482 = NEXT_ASSEMBLY_USAGE_OCCURRENCE('24','=>[0:1:1:25]','',#1374,
  #3414,$);
#3483 = PRODUCT_RELATED_PRODUCT_CATEGORY('part',$,(#3416));
#3484 = SHAPE_DEFINITION_REPRESENTATION(#3485,#3491);
#3485 = PRODUCT_DEFINITION_SHAPE('','',#3486);
#3486 = PRODUCT_DEFINITION('design','',#3487,#3490);
#3487 = PRODUCT_DEFINITION_FORMATION('','',#3488);
#3488 = PRODUCT('display2.4~MSP2402_2.4inch_Touch_Display~n8rM',
  'display2.4~MSP2402_2.4inch_Touch_Display~n8rM','',(#3489));
#3489 = PRODUCT_CONTEXT('',#2,'mechanical');
#3490 = PRODUCT_DEFINITION_CONTEXT('part definition',#2,'design');
#3491 = ADVANCED_BREP_SHAPE_REPRESENTATION('',(#11,#3492),#3545);
#3492 = MANIFOLD_SOLID_BREP('',#3493);
#3493 = CLOSED_SHELL('',(#3494,#3527,#3536));
#3494 = ADVANCED_FACE('',(#3495),#3522,.T.);
#3495 = FACE_BOUND('',#3496,.T.);
#3496 = EDGE_LOOP('',(#3497,#3506,#3514,#3521));
#3497 = ORIENTED_EDGE('',*,*,#3498,.T.);
#3498 = EDGE_CURVE('',#3499,#3499,#3501,.T.);
#3499 = VERTEX_POINT('',#3500);
#3500 = CARTESIAN_POINT('',(-28.31008570052,-13.08995316249,
    -1.500003024164));
#3501 = CIRCLE('',#3502,0.32);
#3502 = AXIS2_PLACEMENT_3D('',#3503,#3504,#3505);
#3503 = CARTESIAN_POINT('',(-28.63008570052,-13.08995316249,
    -1.500003024164));
#3504 = DIRECTION('',(0.,0.,1.));
#3505 = DIRECTION('',(1.,0.,0.));
#3506 = ORIENTED_EDGE('',*,*,#3507,.T.);
#3507 = EDGE_CURVE('',#3499,#3508,#3510,.T.);
#3508 = VERTEX_POINT('',#3509);
#3509 = CARTESIAN_POINT('',(-28.31008570052,-13.08995316249,
    1.099996975836));
#3510 = LINE('',#3511,#3512);
#3511 = CARTESIAN_POINT('',(-28.31008570052,-13.08995316249,
    -1.500003024164));
#3512 = VECTOR('',#3513,1.);
#3513 = DIRECTION('',(0.,0.,1.));
#3514 = ORIENTED_EDGE('',*,*,#3515,.F.);
#3515 = EDGE_CURVE('',#3508,#3508,#3516,.T.);
#3516 = CIRCLE('',#3517,0.32);
#3517 = AXIS2_PLACEMENT_3D('',#3518,#3519,#3520);
#3518 = CARTESIAN_POINT('',(-28.63008570052,-13.08995316249,
    1.099996975836));
#3519 = DIRECTION('',(0.,0.,1.));
#3520 = DIRECTION('',(1.,0.,0.));
#3521 = ORIENTED_EDGE('',*,*,#3507,.F.);
#3522 = CYLINDRICAL_SURFACE('',#3523,0.32);
#3523 = AXIS2_PLACEMENT_3D('',#3524,#3525,#3526);
#3524 = CARTESIAN_POINT('',(-28.63008570052,-13.08995316249,
    -1.500003024164));
#3525 = DIRECTION('',(-0.,-0.,-1.));
#3526 = DIRECTION('',(1.,0.,0.));
#3527 = ADVANCED_FACE('',(#3528),#3531,.F.);
#3528 = FACE_BOUND('',#3529,.F.);
#3529 = EDGE_LOOP('',(#3530));
#3530 = ORIENTED_EDGE('',*,*,#3498,.T.);
#3531 = PLANE('',#3532);
#3532 = AXIS2_PLACEMENT_3D('',#3533,#3534,#3535);
#3533 = CARTESIAN_POINT('',(-28.63008570052,-13.08995316249,
    -1.500003024164));
#3534 = DIRECTION('',(0.,0.,1.));
#3535 = DIRECTION('',(1.,0.,0.));
#3536 = ADVANCED_FACE('',(#3537),#3540,.T.);
#3537 = FACE_BOUND('',#3538,.T.);
#3538 = EDGE_LOOP('',(#3539));
#3539 = ORIENTED_EDGE('',*,*,#3515,.T.);
#3540 = PLANE('',#3541);
#3541 = AXIS2_PLACEMENT_3D('',#3542,#3543,#3544);
#3542 = CARTESIAN_POINT('',(-28.63008570052,-13.08995316249,
    1.099996975836));
#3543 = DIRECTION('',(0.,0.,1.));
#3544 = DIRECTION('',(1.,0.,0.));
#3545 = ( GEOMETRIC_REPRESENTATION_CONTEXT(3) 
GLOBAL_UNCERTAINTY_ASSIGNED_CONTEXT((#3549)) 
GLOBAL_UNIT_ASSIGNED_CONTEXT((#3546,#3547,#3548)) REPRESENTATION_CONTEXT
('Context #1','3D Context with UNIT and UNCERTAINTY') );
#3546 = ( LENGTH_UNIT() NAMED_UNIT(*) SI_UNIT(.MILLI.,.METRE.) );
#3547 = ( NAMED_UNIT(*) PLANE_ANGLE_UNIT() SI_UNIT($,.RADIAN.) );
#3548 = ( NAMED_UNIT(*) SI_UNIT($,.STERADIAN.) SOLID_ANGLE_UNIT() );
#3549 = UNCERTAINTY_MEASURE_WITH_UNIT(LENGTH_MEASURE(1.E-07),#3546,
  'distance_accuracy_value','confusion accuracy');
#3550 = CONTEXT_DEPENDENT_SHAPE_REPRESENTATION(#3551,#3553);
#3551 = ( REPRESENTATION_RELATIONSHIP('','',#3491,#1379) 
REPRESENTATION_RELATIONSHIP_WITH_TRANSFORMATION(#3552) 
SHAPE_REPRESENTATION_RELATIONSHIP() );
#3552 = ITEM_DEFINED_TRANSFORMATION('','',#11,#1448);
#3553 = PRODUCT_DEFINITION_SHAPE('Placement','Placement of an item',
  #3554);
#3554 = NEXT_ASSEMBLY_USAGE_OCCURRENCE('25','=>[0:1:1:26]','',#1374,
  #3486,$);
#3555 = PRODUCT_RELATED_PRODUCT_CATEGORY('part',$,(#3488));
#3556 = SHAPE_DEFINITION_REPRESENTATION(#3557,#3563);
#3557 = PRODUCT_DEFINITION_SHAPE('','',#3558);
#3558 = PRODUCT_DEFINITION('design','',#3559,#3562);
#3559 = PRODUCT_DEFINITION_FORMATION('','',#3560);
#3560 = PRODUCT('display2.4~MSP2402_2.4inch_Touch_Display~n8rM',
  'display2.4~MSP2402_2.4inch_Touch_Display~n8rM','',(#3561));
#3561 = PRODUCT_CONTEXT('',#2,'mechanical');
#3562 = PRODUCT_DEFINITION_CONTEXT('part definition',#2,'design');
#3563 = ADVANCED_BREP_SHAPE_REPRESENTATION('',(#11,#3564),#3617);
#3564 = MANIFOLD_SOLID_BREP('',#3565);
#3565 = CLOSED_SHELL('',(#3566,#3599,#3608));
#3566 = ADVANCED_FACE('',(#3567),#3594,.T.);
#3567 = FACE_BOUND('',#3568,.T.);
#3568 = EDGE_LOOP('',(#3569,#3578,#3586,#3593));
#3569 = ORIENTED_EDGE('',*,*,#3570,.T.);
#3570 = EDGE_CURVE('',#3571,#3571,#3573,.T.);
#3571 = VERTEX_POINT('',#3572);
#3572 = CARTESIAN_POINT('',(-25.77008570052,-13.08995316249,
    -1.500003024164));
#3573 = CIRCLE('',#3574,0.32);
#3574 = AXIS2_PLACEMENT_3D('',#3575,#3576,#3577);
#3575 = CARTESIAN_POINT('',(-26.09008570052,-13.08995316249,
    -1.500003024164));
#3576 = DIRECTION('',(0.,0.,1.));
#3577 = DIRECTION('',(1.,0.,0.));
#3578 = ORIENTED_EDGE('',*,*,#3579,.T.);
#3579 = EDGE_CURVE('',#3571,#3580,#3582,.T.);
#3580 = VERTEX_POINT('',#3581);
#3581 = CARTESIAN_POINT('',(-25.77008570052,-13.08995316249,
    1.099996975836));
#3582 = LINE('',#3583,#3584);
#3583 = CARTESIAN_POINT('',(-25.77008570052,-13.08995316249,
    -1.500003024164));
#3584 = VECTOR('',#3585,1.);
#3585 = DIRECTION('',(0.,0.,1.));
#3586 = ORIENTED_EDGE('',*,*,#3587,.F.);
#3587 = EDGE_CURVE('',#3580,#3580,#3588,.T.);
#3588 = CIRCLE('',#3589,0.32);
#3589 = AXIS2_PLACEMENT_3D('',#3590,#3591,#3592);
#3590 = CARTESIAN_POINT('',(-26.09008570052,-13.08995316249,
    1.099996975836));
#3591 = DIRECTION('',(0.,0.,1.));
#3592 = DIRECTION('',(1.,0.,0.));
#3593 = ORIENTED_EDGE('',*,*,#3579,.F.);
#3594 = CYLINDRICAL_SURFACE('',#3595,0.32);
#3595 = AXIS2_PLACEMENT_3D('',#3596,#3597,#3598);
#3596 = CARTESIAN_POINT('',(-26.09008570052,-13.08995316249,
    -1.500003024164));
#3597 = DIRECTION('',(-0.,-0.,-1.));
#3598 = DIRECTION('',(1.,0.,0.));
#3599 = ADVANCED_FACE('',(#3600),#3603,.F.);
#3600 = FACE_BOUND('',#3601,.F.);
#3601 = EDGE_LOOP('',(#3602));
#3602 = ORIENTED_EDGE('',*,*,#3570,.T.);
#3603 = PLANE('',#3604);
#3604 = AXIS2_PLACEMENT_3D('',#3605,#3606,#3607);
#3605 = CARTESIAN_POINT('',(-26.09008570052,-13.08995316249,
    -1.500003024164));
#3606 = DIRECTION('',(0.,0.,1.));
#3607 = DIRECTION('',(1.,0.,0.));
#3608 = ADVANCED_FACE('',(#3609),#3612,.T.);
#3609 = FACE_BOUND('',#3610,.T.);
#3610 = EDGE_LOOP('',(#3611));
#3611 = ORIENTED_EDGE('',*,*,#3587,.T.);
#3612 = PLANE('',#3613);
#3613 = AXIS2_PLACEMENT_3D('',#3614,#3615,#3616);
#3614 = CARTESIAN_POINT('',(-26.09008570052,-13.08995316249,
    1.099996975836));
#3615 = DIRECTION('',(0.,0.,1.));
#3616 = DIRECTION('',(1.,0.,0.));
#3617 = ( GEOMETRIC_REPRESENTATION_CONTEXT(3) 
GLOBAL_UNCERTAINTY_ASSIGNED_CONTEXT((#3621)) 
GLOBAL_UNIT_ASSIGNED_CONTEXT((#3618,#3619,#3620)) REPRESENTATION_CONTEXT
('Context #1','3D Context with UNIT and UNCERTAINTY') );
#3618 = ( LENGTH_UNIT() NAMED_UNIT(*) SI_UNIT(.MILLI.,.METRE.) );
#3619 = ( NAMED_UNIT(*) PLANE_ANGLE_UNIT() SI_UNIT($,.RADIAN.) );
#3620 = ( NAMED_UNIT(*) SI_UNIT($,.STERADIAN.) SOLID_ANGLE_UNIT() );
#3621 = UNCERTAINTY_MEASURE_WITH_UNIT(LENGTH_MEASURE(1.E-07),#3618,
  'distance_accuracy_value','confusion accuracy');
#3622 = CONTEXT_DEPENDENT_SHAPE_REPRESENTATION(#3623,#3625);
#3623 = ( REPRESENTATION_RELATIONSHIP('','',#3563,#1379) 
REPRESENTATION_RELATIONSHIP_WITH_TRANSFORMATION(#3624) 
SHAPE_REPRESENTATION_RELATIONSHIP() );
#3624 = ITEM_DEFINED_TRANSFORMATION('','',#11,#1452);
#3625 = PRODUCT_DEFINITION_SHAPE('Placement','Placement of an item',
  #3626);
#3626 = NEXT_ASSEMBLY_USAGE_OCCURRENCE('26','=>[0:1:1:27]','',#1374,
  #3558,$);
#3627 = PRODUCT_RELATED_PRODUCT_CATEGORY('part',$,(#3560));
#3628 = SHAPE_DEFINITION_REPRESENTATION(#3629,#3635);
#3629 = PRODUCT_DEFINITION_SHAPE('','',#3630);
#3630 = PRODUCT_DEFINITION('design','',#3631,#3634);
#3631 = PRODUCT_DEFINITION_FORMATION('','',#3632);
#3632 = PRODUCT('display2.4~MSP2402_2.4inch_Touch_Display~n8rM',
  'display2.4~MSP2402_2.4inch_Touch_Display~n8rM','',(#3633));
#3633 = PRODUCT_CONTEXT('',#2,'mechanical');
#3634 = PRODUCT_DEFINITION_CONTEXT('part definition',#2,'design');
#3635 = ADVANCED_BREP_SHAPE_REPRESENTATION('',(#11,#3636),#3689);
#3636 = MANIFOLD_SOLID_BREP('',#3637);
#3637 = CLOSED_SHELL('',(#3638,#3671,#3680));
#3638 = ADVANCED_FACE('',(#3639),#3666,.T.);
#3639 = FACE_BOUND('',#3640,.T.);
#3640 = EDGE_LOOP('',(#3641,#3650,#3658,#3665));
#3641 = ORIENTED_EDGE('',*,*,#3642,.T.);
#3642 = EDGE_CURVE('',#3643,#3643,#3645,.T.);
#3643 = VERTEX_POINT('',#3644);
#3644 = CARTESIAN_POINT('',(-45.61008570052,59.090046837506,
    9.999697583576E-02));
#3645 = CIRCLE('',#3646,0.8);
#3646 = AXIS2_PLACEMENT_3D('',#3647,#3648,#3649);
#3647 = CARTESIAN_POINT('',(-46.41008570052,59.090046837506,
    9.999697583576E-02));
#3648 = DIRECTION('',(0.,0.,1.));
#3649 = DIRECTION('',(1.,0.,0.));
#3650 = ORIENTED_EDGE('',*,*,#3651,.T.);
#3651 = EDGE_CURVE('',#3643,#3652,#3654,.T.);
#3652 = VERTEX_POINT('',#3653);
#3653 = CARTESIAN_POINT('',(-45.61008570052,59.090046837506,
    0.199996975836));
#3654 = LINE('',#3655,#3656);
#3655 = CARTESIAN_POINT('',(-45.61008570052,59.090046837506,
    9.999697583576E-02));
#3656 = VECTOR('',#3657,1.);
#3657 = DIRECTION('',(0.,0.,1.));
#3658 = ORIENTED_EDGE('',*,*,#3659,.F.);
#3659 = EDGE_CURVE('',#3652,#3652,#3660,.T.);
#3660 = CIRCLE('',#3661,0.8);
#3661 = AXIS2_PLACEMENT_3D('',#3662,#3663,#3664);
#3662 = CARTESIAN_POINT('',(-46.41008570052,59.090046837506,
    0.199996975836));
#3663 = DIRECTION('',(0.,0.,1.));
#3664 = DIRECTION('',(1.,0.,0.));
#3665 = ORIENTED_EDGE('',*,*,#3651,.F.);
#3666 = CYLINDRICAL_SURFACE('',#3667,0.8);
#3667 = AXIS2_PLACEMENT_3D('',#3668,#3669,#3670);
#3668 = CARTESIAN_POINT('',(-46.41008570052,59.090046837506,
    9.999697583576E-02));
#3669 = DIRECTION('',(-0.,-0.,-1.));
#3670 = DIRECTION('',(1.,0.,0.));
#3671 = ADVANCED_FACE('',(#3672),#3675,.F.);
#3672 = FACE_BOUND('',#3673,.F.);
#3673 = EDGE_LOOP('',(#3674));
#3674 = ORIENTED_EDGE('',*,*,#3642,.T.);
#3675 = PLANE('',#3676);
#3676 = AXIS2_PLACEMENT_3D('',#3677,#3678,#3679);
#3677 = CARTESIAN_POINT('',(-46.41008570052,59.090046837506,
    9.999697583576E-02));
#3678 = DIRECTION('',(0.,0.,1.));
#3679 = DIRECTION('',(1.,0.,0.));
#3680 = ADVANCED_FACE('',(#3681),#3684,.T.);
#3681 = FACE_BOUND('',#3682,.T.);
#3682 = EDGE_LOOP('',(#3683));
#3683 = ORIENTED_EDGE('',*,*,#3659,.T.);
#3684 = PLANE('',#3685);
#3685 = AXIS2_PLACEMENT_3D('',#3686,#3687,#3688);
#3686 = CARTESIAN_POINT('',(-46.41008570052,59.090046837506,
    0.199996975836));
#3687 = DIRECTION('',(0.,0.,1.));
#3688 = DIRECTION('',(1.,0.,0.));
#3689 = ( GEOMETRIC_REPRESENTATION_CONTEXT(3) 
GLOBAL_UNCERTAINTY_ASSIGNED_CONTEXT((#3693)) 
GLOBAL_UNIT_ASSIGNED_CONTEXT((#3690,#3691,#3692)) REPRESENTATION_CONTEXT
('Context #1','3D Context with UNIT and UNCERTAINTY') );
#3690 = ( LENGTH_UNIT() NAMED_UNIT(*) SI_UNIT(.MILLI.,.METRE.) );
#3691 = ( NAMED_UNIT(*) PLANE_ANGLE_UNIT() SI_UNIT($,.RADIAN.) );
#3692 = ( NAMED_UNIT(*) SI_UNIT($,.STERADIAN.) SOLID_ANGLE_UNIT() );
#3693 = UNCERTAINTY_MEASURE_WITH_UNIT(LENGTH_MEASURE(1.E-07),#3690,
  'distance_accuracy_value','confusion accuracy');
#3694 = CONTEXT_DEPENDENT_SHAPE_REPRESENTATION(#3695,#3697);
#3695 = ( REPRESENTATION_RELATIONSHIP('','',#3635,#1379) 
REPRESENTATION_RELATIONSHIP_WITH_TRANSFORMATION(#3696) 
SHAPE_REPRESENTATION_RELATIONSHIP() );
#3696 = ITEM_DEFINED_TRANSFORMATION('','',#11,#1456);
#3697 = PRODUCT_DEFINITION_SHAPE('Placement','Placement of an item',
  #3698);
#3698 = NEXT_ASSEMBLY_USAGE_OCCURRENCE('27','=>[0:1:1:28]','',#1374,
  #3630,$);
#3699 = PRODUCT_RELATED_PRODUCT_CATEGORY('part',$,(#3632));
#3700 = SHAPE_DEFINITION_REPRESENTATION(#3701,#3707);
#3701 = PRODUCT_DEFINITION_SHAPE('','',#3702);
#3702 = PRODUCT_DEFINITION('design','',#3703,#3706);
#3703 = PRODUCT_DEFINITION_FORMATION('','',#3704);
#3704 = PRODUCT('display2.4~MSP2402_2.4inch_Touch_Display~n8rM',
  'display2.4~MSP2402_2.4inch_Touch_Display~n8rM','',(#3705));
#3705 = PRODUCT_CONTEXT('',#2,'mechanical');
#3706 = PRODUCT_DEFINITION_CONTEXT('part definition',#2,'design');
#3707 = ADVANCED_BREP_SHAPE_REPRESENTATION('',(#11,#3708),#3761);
#3708 = MANIFOLD_SOLID_BREP('',#3709);
#3709 = CLOSED_SHELL('',(#3710,#3743,#3752));
#3710 = ADVANCED_FACE('',(#3711),#3738,.T.);
#3711 = FACE_BOUND('',#3712,.T.);
#3712 = EDGE_LOOP('',(#3713,#3722,#3730,#3737));
#3713 = ORIENTED_EDGE('',*,*,#3714,.T.);
#3714 = EDGE_CURVE('',#3715,#3715,#3717,.T.);
#3715 = VERTEX_POINT('',#3716);
#3716 = CARTESIAN_POINT('',(-43.07008570052,59.090046837506,
    9.999697583576E-02));
#3717 = CIRCLE('',#3718,0.8);
#3718 = AXIS2_PLACEMENT_3D('',#3719,#3720,#3721);
#3719 = CARTESIAN_POINT('',(-43.87008570052,59.090046837506,
    9.999697583576E-02));
#3720 = DIRECTION('',(0.,0.,1.));
#3721 = DIRECTION('',(1.,0.,0.));
#3722 = ORIENTED_EDGE('',*,*,#3723,.T.);
#3723 = EDGE_CURVE('',#3715,#3724,#3726,.T.);
#3724 = VERTEX_POINT('',#3725);
#3725 = CARTESIAN_POINT('',(-43.07008570052,59.090046837506,
    0.199996975836));
#3726 = LINE('',#3727,#3728);
#3727 = CARTESIAN_POINT('',(-43.07008570052,59.090046837506,
    9.999697583576E-02));
#3728 = VECTOR('',#3729,1.);
#3729 = DIRECTION('',(0.,0.,1.));
#3730 = ORIENTED_EDGE('',*,*,#3731,.F.);
#3731 = EDGE_CURVE('',#3724,#3724,#3732,.T.);
#3732 = CIRCLE('',#3733,0.8);
#3733 = AXIS2_PLACEMENT_3D('',#3734,#3735,#3736);
#3734 = CARTESIAN_POINT('',(-43.87008570052,59.090046837506,
    0.199996975836));
#3735 = DIRECTION('',(0.,0.,1.));
#3736 = DIRECTION('',(1.,0.,0.));
#3737 = ORIENTED_EDGE('',*,*,#3723,.F.);
#3738 = CYLINDRICAL_SURFACE('',#3739,0.8);
#3739 = AXIS2_PLACEMENT_3D('',#3740,#3741,#3742);
#3740 = CARTESIAN_POINT('',(-43.87008570052,59.090046837506,
    9.999697583576E-02));
#3741 = DIRECTION('',(-0.,-0.,-1.));
#3742 = DIRECTION('',(1.,0.,0.));
#3743 = ADVANCED_FACE('',(#3744),#3747,.F.);
#3744 = FACE_BOUND('',#3745,.F.);
#3745 = EDGE_LOOP('',(#3746));
#3746 = ORIENTED_EDGE('',*,*,#3714,.T.);
#3747 = PLANE('',#3748);
#3748 = AXIS2_PLACEMENT_3D('',#3749,#3750,#3751);
#3749 = CARTESIAN_POINT('',(-43.87008570052,59.090046837506,
    9.999697583576E-02));
#3750 = DIRECTION('',(0.,0.,1.));
#3751 = DIRECTION('',(1.,0.,0.));
#3752 = ADVANCED_FACE('',(#3753),#3756,.T.);
#3753 = FACE_BOUND('',#3754,.T.);
#3754 = EDGE_LOOP('',(#3755));
#3755 = ORIENTED_EDGE('',*,*,#3731,.T.);
#3756 = PLANE('',#3757);
#3757 = AXIS2_PLACEMENT_3D('',#3758,#3759,#3760);
#3758 = CARTESIAN_POINT('',(-43.87008570052,59.090046837506,
    0.199996975836));
#3759 = DIRECTION('',(0.,0.,1.));
#3760 = DIRECTION('',(1.,0.,0.));
#3761 = ( GEOMETRIC_REPRESENTATION_CONTEXT(3) 
GLOBAL_UNCERTAINTY_ASSIGNED_CONTEXT((#3765)) 
GLOBAL_UNIT_ASSIGNED_CONTEXT((#3762,#3763,#3764)) REPRESENTATION_CONTEXT
('Context #1','3D Context with UNIT and UNCERTAINTY') );
#3762 = ( LENGTH_UNIT() NAMED_UNIT(*) SI_UNIT(.MILLI.,.METRE.) );
#3763 = ( NAMED_UNIT(*) PLANE_ANGLE_UNIT() SI_UNIT($,.RADIAN.) );
#3764 = ( NAMED_UNIT(*) SI_UNIT($,.STERADIAN.) SOLID_ANGLE_UNIT() );
#3765 = UNCERTAINTY_MEASURE_WITH_UNIT(LENGTH_MEASURE(1.E-07),#3762,
  'distance_accuracy_value','confusion accuracy');
#3766 = CONTEXT_DEPENDENT_SHAPE_REPRESENTATION(#3767,#3769);
#3767 = ( REPRESENTATION_RELATIONSHIP('','',#3707,#1379) 
REPRESENTATION_RELATIONSHIP_WITH_TRANSFORMATION(#3768) 
SHAPE_REPRESENTATION_RELATIONSHIP() );
#3768 = ITEM_DEFINED_TRANSFORMATION('','',#11,#1460);
#3769 = PRODUCT_DEFINITION_SHAPE('Placement','Placement of an item',
  #3770);
#3770 = NEXT_ASSEMBLY_USAGE_OCCURRENCE('28','=>[0:1:1:29]','',#1374,
  #3702,$);
#3771 = PRODUCT_RELATED_PRODUCT_CATEGORY('part',$,(#3704));
#3772 = SHAPE_DEFINITION_REPRESENTATION(#3773,#3779);
#3773 = PRODUCT_DEFINITION_SHAPE('','',#3774);
#3774 = PRODUCT_DEFINITION('design','',#3775,#3778);
#3775 = PRODUCT_DEFINITION_FORMATION('','',#3776);
#3776 = PRODUCT('display2.4~MSP2402_2.4inch_Touch_Display~n8rM',
  'display2.4~MSP2402_2.4inch_Touch_Display~n8rM','',(#3777));
#3777 = PRODUCT_CONTEXT('',#2,'mechanical');
#3778 = PRODUCT_DEFINITION_CONTEXT('part definition',#2,'design');
#3779 = ADVANCED_BREP_SHAPE_REPRESENTATION('',(#11,#3780),#3833);
#3780 = MANIFOLD_SOLID_BREP('',#3781);
#3781 = CLOSED_SHELL('',(#3782,#3815,#3824));
#3782 = ADVANCED_FACE('',(#3783),#3810,.T.);
#3783 = FACE_BOUND('',#3784,.T.);
#3784 = EDGE_LOOP('',(#3785,#3794,#3802,#3809));
#3785 = ORIENTED_EDGE('',*,*,#3786,.T.);
#3786 = EDGE_CURVE('',#3787,#3787,#3789,.T.);
#3787 = VERTEX_POINT('',#3788);
#3788 = CARTESIAN_POINT('',(-40.53008570052,59.090046837506,
    9.999697583576E-02));
#3789 = CIRCLE('',#3790,0.8);
#3790 = AXIS2_PLACEMENT_3D('',#3791,#3792,#3793);
#3791 = CARTESIAN_POINT('',(-41.33008570052,59.090046837506,
    9.999697583576E-02));
#3792 = DIRECTION('',(0.,0.,1.));
#3793 = DIRECTION('',(1.,0.,0.));
#3794 = ORIENTED_EDGE('',*,*,#3795,.T.);
#3795 = EDGE_CURVE('',#3787,#3796,#3798,.T.);
#3796 = VERTEX_POINT('',#3797);
#3797 = CARTESIAN_POINT('',(-40.53008570052,59.090046837506,
    0.199996975836));
#3798 = LINE('',#3799,#3800);
#3799 = CARTESIAN_POINT('',(-40.53008570052,59.090046837506,
    9.999697583576E-02));
#3800 = VECTOR('',#3801,1.);
#3801 = DIRECTION('',(0.,0.,1.));
#3802 = ORIENTED_EDGE('',*,*,#3803,.F.);
#3803 = EDGE_CURVE('',#3796,#3796,#3804,.T.);
#3804 = CIRCLE('',#3805,0.8);
#3805 = AXIS2_PLACEMENT_3D('',#3806,#3807,#3808);
#3806 = CARTESIAN_POINT('',(-41.33008570052,59.090046837506,
    0.199996975836));
#3807 = DIRECTION('',(0.,0.,1.));
#3808 = DIRECTION('',(1.,0.,0.));
#3809 = ORIENTED_EDGE('',*,*,#3795,.F.);
#3810 = CYLINDRICAL_SURFACE('',#3811,0.8);
#3811 = AXIS2_PLACEMENT_3D('',#3812,#3813,#3814);
#3812 = CARTESIAN_POINT('',(-41.33008570052,59.090046837506,
    9.999697583576E-02));
#3813 = DIRECTION('',(-0.,-0.,-1.));
#3814 = DIRECTION('',(1.,0.,0.));
#3815 = ADVANCED_FACE('',(#3816),#3819,.F.);
#3816 = FACE_BOUND('',#3817,.F.);
#3817 = EDGE_LOOP('',(#3818));
#3818 = ORIENTED_EDGE('',*,*,#3786,.T.);
#3819 = PLANE('',#3820);
#3820 = AXIS2_PLACEMENT_3D('',#3821,#3822,#3823);
#3821 = CARTESIAN_POINT('',(-41.33008570052,59.090046837506,
    9.999697583576E-02));
#3822 = DIRECTION('',(0.,0.,1.));
#3823 = DIRECTION('',(1.,0.,0.));
#3824 = ADVANCED_FACE('',(#3825),#3828,.T.);
#3825 = FACE_BOUND('',#3826,.T.);
#3826 = EDGE_LOOP('',(#3827));
#3827 = ORIENTED_EDGE('',*,*,#3803,.T.);
#3828 = PLANE('',#3829);
#3829 = AXIS2_PLACEMENT_3D('',#3830,#3831,#3832);
#3830 = CARTESIAN_POINT('',(-41.33008570052,59.090046837506,
    0.199996975836));
#3831 = DIRECTION('',(0.,0.,1.));
#3832 = DIRECTION('',(1.,0.,0.));
#3833 = ( GEOMETRIC_REPRESENTATION_CONTEXT(3) 
GLOBAL_UNCERTAINTY_ASSIGNED_CONTEXT((#3837)) 
GLOBAL_UNIT_ASSIGNED_CONTEXT((#3834,#3835,#3836)) REPRESENTATION_CONTEXT
('Context #1','3D Context with UNIT and UNCERTAINTY') );
#3834 = ( LENGTH_UNIT() NAMED_UNIT(*) SI_UNIT(.MILLI.,.METRE.) );
#3835 = ( NAMED_UNIT(*) PLANE_ANGLE_UNIT() SI_UNIT($,.RADIAN.) );
#3836 = ( NAMED_UNIT(*) SI_UNIT($,.STERADIAN.) SOLID_ANGLE_UNIT() );
#3837 = UNCERTAINTY_MEASURE_WITH_UNIT(LENGTH_MEASURE(1.E-07),#3834,
  'distance_accuracy_value','confusion accuracy');
#3838 = CONTEXT_DEPENDENT_SHAPE_REPRESENTATION(#3839,#3841);
#3839 = ( REPRESENTATION_RELATIONSHIP('','',#3779,#1379) 
REPRESENTATION_RELATIONSHIP_WITH_TRANSFORMATION(#3840) 
SHAPE_REPRESENTATION_RELATIONSHIP() );
#3840 = ITEM_DEFINED_TRANSFORMATION('','',#11,#1464);
#3841 = PRODUCT_DEFINITION_SHAPE('Placement','Placement of an item',
  #3842);
#3842 = NEXT_ASSEMBLY_USAGE_OCCURRENCE('29','=>[0:1:1:30]','',#1374,
  #3774,$);
#3843 = PRODUCT_RELATED_PRODUCT_CATEGORY('part',$,(#3776));
#3844 = SHAPE_DEFINITION_REPRESENTATION(#3845,#3851);
#3845 = PRODUCT_DEFINITION_SHAPE('','',#3846);
#3846 = PRODUCT_DEFINITION('design','',#3847,#3850);
#3847 = PRODUCT_DEFINITION_FORMATION('','',#3848);
#3848 = PRODUCT('display2.4~MSP2402_2.4inch_Touch_Display~n8rM',
  'display2.4~MSP2402_2.4inch_Touch_Display~n8rM','',(#3849));
#3849 = PRODUCT_CONTEXT('',#2,'mechanical');
#3850 = PRODUCT_DEFINITION_CONTEXT('part definition',#2,'design');
#3851 = ADVANCED_BREP_SHAPE_REPRESENTATION('',(#11,#3852),#3905);
#3852 = MANIFOLD_SOLID_BREP('',#3853);
#3853 = CLOSED_SHELL('',(#3854,#3887,#3896));
#3854 = ADVANCED_FACE('',(#3855),#3882,.T.);
#3855 = FACE_BOUND('',#3856,.T.);
#3856 = EDGE_LOOP('',(#3857,#3866,#3874,#3881));
#3857 = ORIENTED_EDGE('',*,*,#3858,.T.);
#3858 = EDGE_CURVE('',#3859,#3859,#3861,.T.);
#3859 = VERTEX_POINT('',#3860);
#3860 = CARTESIAN_POINT('',(-37.99008570052,59.090046837506,
    9.999697583576E-02));
#3861 = CIRCLE('',#3862,0.8);
#3862 = AXIS2_PLACEMENT_3D('',#3863,#3864,#3865);
#3863 = CARTESIAN_POINT('',(-38.79008570052,59.090046837506,
    9.999697583576E-02));
#3864 = DIRECTION('',(0.,0.,1.));
#3865 = DIRECTION('',(1.,0.,0.));
#3866 = ORIENTED_EDGE('',*,*,#3867,.T.);
#3867 = EDGE_CURVE('',#3859,#3868,#3870,.T.);
#3868 = VERTEX_POINT('',#3869);
#3869 = CARTESIAN_POINT('',(-37.99008570052,59.090046837506,
    0.199996975836));
#3870 = LINE('',#3871,#3872);
#3871 = CARTESIAN_POINT('',(-37.99008570052,59.090046837506,
    9.999697583576E-02));
#3872 = VECTOR('',#3873,1.);
#3873 = DIRECTION('',(0.,0.,1.));
#3874 = ORIENTED_EDGE('',*,*,#3875,.F.);
#3875 = EDGE_CURVE('',#3868,#3868,#3876,.T.);
#3876 = CIRCLE('',#3877,0.8);
#3877 = AXIS2_PLACEMENT_3D('',#3878,#3879,#3880);
#3878 = CARTESIAN_POINT('',(-38.79008570052,59.090046837506,
    0.199996975836));
#3879 = DIRECTION('',(0.,0.,1.));
#3880 = DIRECTION('',(1.,0.,0.));
#3881 = ORIENTED_EDGE('',*,*,#3867,.F.);
#3882 = CYLINDRICAL_SURFACE('',#3883,0.8);
#3883 = AXIS2_PLACEMENT_3D('',#3884,#3885,#3886);
#3884 = CARTESIAN_POINT('',(-38.79008570052,59.090046837506,
    9.999697583576E-02));
#3885 = DIRECTION('',(-0.,-0.,-1.));
#3886 = DIRECTION('',(1.,0.,0.));
#3887 = ADVANCED_FACE('',(#3888),#3891,.F.);
#3888 = FACE_BOUND('',#3889,.F.);
#3889 = EDGE_LOOP('',(#3890));
#3890 = ORIENTED_EDGE('',*,*,#3858,.T.);
#3891 = PLANE('',#3892);
#3892 = AXIS2_PLACEMENT_3D('',#3893,#3894,#3895);
#3893 = CARTESIAN_POINT('',(-38.79008570052,59.090046837506,
    9.999697583576E-02));
#3894 = DIRECTION('',(0.,0.,1.));
#3895 = DIRECTION('',(1.,0.,0.));
#3896 = ADVANCED_FACE('',(#3897),#3900,.T.);
#3897 = FACE_BOUND('',#3898,.T.);
#3898 = EDGE_LOOP('',(#3899));
#3899 = ORIENTED_EDGE('',*,*,#3875,.T.);
#3900 = PLANE('',#3901);
#3901 = AXIS2_PLACEMENT_3D('',#3902,#3903,#3904);
#3902 = CARTESIAN_POINT('',(-38.79008570052,59.090046837506,
    0.199996975836));
#3903 = DIRECTION('',(0.,0.,1.));
#3904 = DIRECTION('',(1.,0.,0.));
#3905 = ( GEOMETRIC_REPRESENTATION_CONTEXT(3) 
GLOBAL_UNCERTAINTY_ASSIGNED_CONTEXT((#3909)) 
GLOBAL_UNIT_ASSIGNED_CONTEXT((#3906,#3907,#3908)) REPRESENTATION_CONTEXT
('Context #1','3D Context with UNIT and UNCERTAINTY') );
#3906 = ( LENGTH_UNIT() NAMED_UNIT(*) SI_UNIT(.MILLI.,.METRE.) );
#3907 = ( NAMED_UNIT(*) PLANE_ANGLE_UNIT() SI_UNIT($,.RADIAN.) );
#3908 = ( NAMED_UNIT(*) SI_UNIT($,.STERADIAN.) SOLID_ANGLE_UNIT() );
#3909 = UNCERTAINTY_MEASURE_WITH_UNIT(LENGTH_MEASURE(1.E-07),#3906,
  'distance_accuracy_value','confusion accuracy');
#3910 = CONTEXT_DEPENDENT_SHAPE_REPRESENTATION(#3911,#3913);
#3911 = ( REPRESENTATION_RELATIONSHIP('','',#3851,#1379) 
REPRESENTATION_RELATIONSHIP_WITH_TRANSFORMATION(#3912) 
SHAPE_REPRESENTATION_RELATIONSHIP() );
#3912 = ITEM_DEFINED_TRANSFORMATION('','',#11,#1468);
#3913 = PRODUCT_DEFINITION_SHAPE('Placement','Placement of an item',
  #3914);
#3914 = NEXT_ASSEMBLY_USAGE_OCCURRENCE('30','=>[0:1:1:31]','',#1374,
  #3846,$);
#3915 = PRODUCT_RELATED_PRODUCT_CATEGORY('part',$,(#3848));
#3916 = MECHANICAL_DESIGN_GEOMETRIC_PRESENTATION_REPRESENTATION('',(
    #3917),#2271);
#3917 = STYLED_ITEM('color',(#3918),#1985);
#3918 = PRESENTATION_STYLE_ASSIGNMENT((#3919,#3925));
#3919 = SURFACE_STYLE_USAGE(.BOTH.,#3920);
#3920 = SURFACE_SIDE_STYLE('',(#3921));
#3921 = SURFACE_STYLE_FILL_AREA(#3922);
#3922 = FILL_AREA_STYLE('',(#3923));
#3923 = FILL_AREA_STYLE_COLOUR('',#3924);
#3924 = COLOUR_RGB('',0.27999999963,0.27999999963,0.309999994343);
#3925 = CURVE_STYLE('',#3926,POSITIVE_LENGTH_MEASURE(0.1),#3924);
#3926 = DRAUGHTING_PRE_DEFINED_CURVE_FONT('continuous');
#3927 = MECHANICAL_DESIGN_GEOMETRIC_PRESENTATION_REPRESENTATION('',(
    #3928),#3185);
#3928 = STYLED_ITEM('color',(#3929),#3132);
#3929 = PRESENTATION_STYLE_ASSIGNMENT((#3930,#3936));
#3930 = SURFACE_STYLE_USAGE(.BOTH.,#3931);
#3931 = SURFACE_SIDE_STYLE('',(#3932));
#3932 = SURFACE_STYLE_FILL_AREA(#3933);
#3933 = FILL_AREA_STYLE('',(#3934));
#3934 = FILL_AREA_STYLE_COLOUR('',#3935);
#3935 = COLOUR_RGB('',0.850000012718,0.620000000292,0.120000001395);
#3936 = CURVE_STYLE('',#3937,POSITIVE_LENGTH_MEASURE(0.1),#3935);
#3937 = DRAUGHTING_PRE_DEFINED_CURVE_FONT('continuous');
#3938 = MECHANICAL_DESIGN_GEOMETRIC_PRESENTATION_REPRESENTATION('',(
    #3939),#3833);
#3939 = STYLED_ITEM('color',(#3940),#3780);
#3940 = PRESENTATION_STYLE_ASSIGNMENT((#3941,#3946));
#3941 = SURFACE_STYLE_USAGE(.BOTH.,#3942);
#3942 = SURFACE_SIDE_STYLE('',(#3943));
#3943 = SURFACE_STYLE_FILL_AREA(#3944);
#3944 = FILL_AREA_STYLE('',(#3945));
#3945 = FILL_AREA_STYLE_COLOUR('',#3935);
#3946 = CURVE_STYLE('',#3947,POSITIVE_LENGTH_MEASURE(0.1),#3935);
#3947 = DRAUGHTING_PRE_DEFINED_CURVE_FONT('continuous');
#3948 = MECHANICAL_DESIGN_GEOMETRIC_PRESENTATION_REPRESENTATION('',(
    #3949),#3761);
#3949 = STYLED_ITEM('color',(#3950),#3708);
#3950 = PRESENTATION_STYLE_ASSIGNMENT((#3951,#3956));
#3951 = SURFACE_STYLE_USAGE(.BOTH.,#3952);
#3952 = SURFACE_SIDE_STYLE('',(#3953));
#3953 = SURFACE_STYLE_FILL_AREA(#3954);
#3954 = FILL_AREA_STYLE('',(#3955));
#3955 = FILL_AREA_STYLE_COLOUR('',#3935);
#3956 = CURVE_STYLE('',#3957,POSITIVE_LENGTH_MEASURE(0.1),#3935);
#3957 = DRAUGHTING_PRE_DEFINED_CURVE_FONT('continuous');
#3958 = MECHANICAL_DESIGN_GEOMETRIC_PRESENTATION_REPRESENTATION('',(
    #3959),#2681);
#3959 = STYLED_ITEM('color',(#3960),#2628);
#3960 = PRESENTATION_STYLE_ASSIGNMENT((#3961,#3966));
#3961 = SURFACE_STYLE_USAGE(.BOTH.,#3962);
#3962 = SURFACE_SIDE_STYLE('',(#3963));
#3963 = SURFACE_STYLE_FILL_AREA(#3964);
#3964 = FILL_AREA_STYLE('',(#3965));
#3965 = FILL_AREA_STYLE_COLOUR('',#3935);
#3966 = CURVE_STYLE('',#3967,POSITIVE_LENGTH_MEASURE(0.1),#3935);
#3967 = DRAUGHTING_PRE_DEFINED_CURVE_FONT('continuous');
#3968 = MECHANICAL_DESIGN_GEOMETRIC_PRESENTATION_REPRESENTATION('',(
    #3969),#2897);
#3969 = STYLED_ITEM('color',(#3970),#2844);
#3970 = PRESENTATION_STYLE_ASSIGNMENT((#3971,#3976));
#3971 = SURFACE_STYLE_USAGE(.BOTH.,#3972);
#3972 = SURFACE_SIDE_STYLE('',(#3973));
#3973 = SURFACE_STYLE_FILL_AREA(#3974);
#3974 = FILL_AREA_STYLE('',(#3975));
#3975 = FILL_AREA_STYLE_COLOUR('',#3935);
#3976 = CURVE_STYLE('',#3977,POSITIVE_LENGTH_MEASURE(0.1),#3935);
#3977 = DRAUGHTING_PRE_DEFINED_CURVE_FONT('continuous');
#3978 = MECHANICAL_DESIGN_GEOMETRIC_PRESENTATION_REPRESENTATION('',(
    #3979),#3689);
#3979 = STYLED_ITEM('color',(#3980),#3636);
#3980 = PRESENTATION_STYLE_ASSIGNMENT((#3981,#3986));
#3981 = SURFACE_STYLE_USAGE(.BOTH.,#3982);
#3982 = SURFACE_SIDE_STYLE('',(#3983));
#3983 = SURFACE_STYLE_FILL_AREA(#3984);
#3984 = FILL_AREA_STYLE('',(#3985));
#3985 = FILL_AREA_STYLE_COLOUR('',#3935);
#3986 = CURVE_STYLE('',#3987,POSITIVE_LENGTH_MEASURE(0.1),#3935);
#3987 = DRAUGHTING_PRE_DEFINED_CURVE_FONT('continuous');
#3988 = MECHANICAL_DESIGN_GEOMETRIC_PRESENTATION_REPRESENTATION('',(
    #3989),#2753);
#3989 = STYLED_ITEM('color',(#3990),#2700);
#3990 = PRESENTATION_STYLE_ASSIGNMENT((#3991,#3996));
#3991 = SURFACE_STYLE_USAGE(.BOTH.,#3992);
#3992 = SURFACE_SIDE_STYLE('',(#3993));
#3993 = SURFACE_STYLE_FILL_AREA(#3994);
#3994 = FILL_AREA_STYLE('',(#3995));
#3995 = FILL_AREA_STYLE_COLOUR('',#3935);
#3996 = CURVE_STYLE('',#3997,POSITIVE_LENGTH_MEASURE(0.1),#3935);
#3997 = DRAUGHTING_PRE_DEFINED_CURVE_FONT('continuous');
#3998 = MECHANICAL_DESIGN_GEOMETRIC_PRESENTATION_REPRESENTATION('',(
    #3999),#2969);
#3999 = STYLED_ITEM('color',(#4000),#2916);
#4000 = PRESENTATION_STYLE_ASSIGNMENT((#4001,#4006));
#4001 = SURFACE_STYLE_USAGE(.BOTH.,#4002);
#4002 = SURFACE_SIDE_STYLE('',(#4003));
#4003 = SURFACE_STYLE_FILL_AREA(#4004);
#4004 = FILL_AREA_STYLE('',(#4005));
#4005 = FILL_AREA_STYLE_COLOUR('',#3935);
#4006 = CURVE_STYLE('',#4007,POSITIVE_LENGTH_MEASURE(0.1),#3935);
#4007 = DRAUGHTING_PRE_DEFINED_CURVE_FONT('continuous');
#4008 = MECHANICAL_DESIGN_GEOMETRIC_PRESENTATION_REPRESENTATION('',(
    #4009),#3905);
#4009 = STYLED_ITEM('color',(#4010),#3852);
#4010 = PRESENTATION_STYLE_ASSIGNMENT((#4011,#4016));
#4011 = SURFACE_STYLE_USAGE(.BOTH.,#4012);
#4012 = SURFACE_SIDE_STYLE('',(#4013));
#4013 = SURFACE_STYLE_FILL_AREA(#4014);
#4014 = FILL_AREA_STYLE('',(#4015));
#4015 = FILL_AREA_STYLE_COLOUR('',#3935);
#4016 = CURVE_STYLE('',#4017,POSITIVE_LENGTH_MEASURE(0.1),#3935);
#4017 = DRAUGHTING_PRE_DEFINED_CURVE_FONT('continuous');
#4018 = MECHANICAL_DESIGN_GEOMETRIC_PRESENTATION_REPRESENTATION('',(
    #4019),#1966);
#4019 = STYLED_ITEM('color',(#4020),#1816);
#4020 = PRESENTATION_STYLE_ASSIGNMENT((#4021,#4027));
#4021 = SURFACE_STYLE_USAGE(.BOTH.,#4022);
#4022 = SURFACE_SIDE_STYLE('',(#4023));
#4023 = SURFACE_STYLE_FILL_AREA(#4024);
#4024 = FILL_AREA_STYLE('',(#4025));
#4025 = FILL_AREA_STYLE_COLOUR('',#4026);
#4026 = COLOUR_RGB('',0.120000001395,0.120000001395,0.139999997847);
#4027 = CURVE_STYLE('',#4028,POSITIVE_LENGTH_MEASURE(0.1),#4026);
#4028 = DRAUGHTING_PRE_DEFINED_CURVE_FONT('continuous');
#4029 = MECHANICAL_DESIGN_GEOMETRIC_PRESENTATION_REPRESENTATION('',(
    #4030),#3401);
#4030 = STYLED_ITEM('color',(#4031),#3348);
#4031 = PRESENTATION_STYLE_ASSIGNMENT((#4032,#4037));
#4032 = SURFACE_STYLE_USAGE(.BOTH.,#4033);
#4033 = SURFACE_SIDE_STYLE('',(#4034));
#4034 = SURFACE_STYLE_FILL_AREA(#4035);
#4035 = FILL_AREA_STYLE('',(#4036));
#4036 = FILL_AREA_STYLE_COLOUR('',#3935);
#4037 = CURVE_STYLE('',#4038,POSITIVE_LENGTH_MEASURE(0.1),#3935);
#4038 = DRAUGHTING_PRE_DEFINED_CURVE_FONT('continuous');
#4039 = MECHANICAL_DESIGN_GEOMETRIC_PRESENTATION_REPRESENTATION('',(
    #4040),#3041);
#4040 = STYLED_ITEM('color',(#4041),#2988);
#4041 = PRESENTATION_STYLE_ASSIGNMENT((#4042,#4047));
#4042 = SURFACE_STYLE_USAGE(.BOTH.,#4043);
#4043 = SURFACE_SIDE_STYLE('',(#4044));
#4044 = SURFACE_STYLE_FILL_AREA(#4045);
#4045 = FILL_AREA_STYLE('',(#4046));
#4046 = FILL_AREA_STYLE_COLOUR('',#3935);
#4047 = CURVE_STYLE('',#4048,POSITIVE_LENGTH_MEASURE(0.1),#3935);
#4048 = DRAUGHTING_PRE_DEFINED_CURVE_FONT('continuous');
#4049 = MECHANICAL_DESIGN_GEOMETRIC_PRESENTATION_REPRESENTATION('',(
    #4050),#3257);
#4050 = STYLED_ITEM('color',(#4051),#3204);
#4051 = PRESENTATION_STYLE_ASSIGNMENT((#4052,#4057));
#4052 = SURFACE_STYLE_USAGE(.BOTH.,#4053);
#4053 = SURFACE_SIDE_STYLE('',(#4054));
#4054 = SURFACE_STYLE_FILL_AREA(#4055);
#4055 = FILL_AREA_STYLE('',(#4056));
#4056 = FILL_AREA_STYLE_COLOUR('',#3935);
#4057 = CURVE_STYLE('',#4058,POSITIVE_LENGTH_MEASURE(0.1),#3935);
#4058 = DRAUGHTING_PRE_DEFINED_CURVE_FONT('continuous');
#4059 = MECHANICAL_DESIGN_GEOMETRIC_PRESENTATION_REPRESENTATION('',(
    #4060,#4070,#4078,#4085,#4092,#4099,#4106,#4113,#4120,#4127,#4134,
    #4141,#4148,#4155,#4162,#4169,#4176,#4183,#4190,#4197,#4204,#4211,
    #4218,#4225,#4232,#4239,#4246,#4253,#4260,#4267,#4274,#4281,#4288),
  #1247);
#4060 = STYLED_ITEM('color',(#4061),#61);
#4061 = PRESENTATION_STYLE_ASSIGNMENT((#4062,#4068));
#4062 = SURFACE_STYLE_USAGE(.BOTH.,#4063);
#4063 = SURFACE_SIDE_STYLE('',(#4064));
#4064 = SURFACE_STYLE_FILL_AREA(#4065);
#4065 = FILL_AREA_STYLE('',(#4066));
#4066 = FILL_AREA_STYLE_COLOUR('',#4067);
#4067 = COLOUR_RGB('',0.,0.417002959305,0.637991923926);
#4068 = CURVE_STYLE('',#4069,POSITIVE_LENGTH_MEASURE(0.1),#4067);
#4069 = DRAUGHTING_PRE_DEFINED_CURVE_FONT('continuous');
#4070 = OVER_RIDING_STYLED_ITEM('overriding color',(#4071),#63,#4060);
#4071 = PRESENTATION_STYLE_ASSIGNMENT((#4072));
#4072 = SURFACE_STYLE_USAGE(.BOTH.,#4073);
#4073 = SURFACE_SIDE_STYLE('',(#4074));
#4074 = SURFACE_STYLE_FILL_AREA(#4075);
#4075 = FILL_AREA_STYLE('',(#4076));
#4076 = FILL_AREA_STYLE_COLOUR('',#4077);
#4077 = COLOUR_RGB('',0.937179583391,0.9357410338,0.649182888601);
#4078 = OVER_RIDING_STYLED_ITEM('overriding color',(#4079),#103,#4060);
#4079 = PRESENTATION_STYLE_ASSIGNMENT((#4080));
#4080 = SURFACE_STYLE_USAGE(.BOTH.,#4081);
#4081 = SURFACE_SIDE_STYLE('',(#4082));
#4082 = SURFACE_STYLE_FILL_AREA(#4083);
#4083 = FILL_AREA_STYLE('',(#4084));
#4084 = FILL_AREA_STYLE_COLOUR('',#4077);
#4085 = OVER_RIDING_STYLED_ITEM('overriding color',(#4086),#134,#4060);
#4086 = PRESENTATION_STYLE_ASSIGNMENT((#4087));
#4087 = SURFACE_STYLE_USAGE(.BOTH.,#4088);
#4088 = SURFACE_SIDE_STYLE('',(#4089));
#4089 = SURFACE_STYLE_FILL_AREA(#4090);
#4090 = FILL_AREA_STYLE('',(#4091));
#4091 = FILL_AREA_STYLE_COLOUR('',#4077);
#4092 = OVER_RIDING_STYLED_ITEM('overriding color',(#4093),#165,#4060);
#4093 = PRESENTATION_STYLE_ASSIGNMENT((#4094));
#4094 = SURFACE_STYLE_USAGE(.BOTH.,#4095);
#4095 = SURFACE_SIDE_STYLE('',(#4096));
#4096 = SURFACE_STYLE_FILL_AREA(#4097);
#4097 = FILL_AREA_STYLE('',(#4098));
#4098 = FILL_AREA_STYLE_COLOUR('',#4077);
#4099 = OVER_RIDING_STYLED_ITEM('overriding color',(#4100),#187,#4060);
#4100 = PRESENTATION_STYLE_ASSIGNMENT((#4101));
#4101 = SURFACE_STYLE_USAGE(.BOTH.,#4102);
#4102 = SURFACE_SIDE_STYLE('',(#4103));
#4103 = SURFACE_STYLE_FILL_AREA(#4104);
#4104 = FILL_AREA_STYLE('',(#4105));
#4105 = FILL_AREA_STYLE_COLOUR('',#4077);
#4106 = OVER_RIDING_STYLED_ITEM('overriding color',(#4107),#229,#4060);
#4107 = PRESENTATION_STYLE_ASSIGNMENT((#4108));
#4108 = SURFACE_STYLE_USAGE(.BOTH.,#4109);
#4109 = SURFACE_SIDE_STYLE('',(#4110));
#4110 = SURFACE_STYLE_FILL_AREA(#4111);
#4111 = FILL_AREA_STYLE('',(#4112));
#4112 = FILL_AREA_STYLE_COLOUR('',#4077);
#4113 = OVER_RIDING_STYLED_ITEM('overriding color',(#4114),#253,#4060);
#4114 = PRESENTATION_STYLE_ASSIGNMENT((#4115));
#4115 = SURFACE_STYLE_USAGE(.BOTH.,#4116);
#4116 = SURFACE_SIDE_STYLE('',(#4117));
#4117 = SURFACE_STYLE_FILL_AREA(#4118);
#4118 = FILL_AREA_STYLE('',(#4119));
#4119 = FILL_AREA_STYLE_COLOUR('',#4077);
#4120 = OVER_RIDING_STYLED_ITEM('overriding color',(#4121),#295,#4060);
#4121 = PRESENTATION_STYLE_ASSIGNMENT((#4122));
#4122 = SURFACE_STYLE_USAGE(.BOTH.,#4123);
#4123 = SURFACE_SIDE_STYLE('',(#4124));
#4124 = SURFACE_STYLE_FILL_AREA(#4125);
#4125 = FILL_AREA_STYLE('',(#4126));
#4126 = FILL_AREA_STYLE_COLOUR('',#4077);
#4127 = OVER_RIDING_STYLED_ITEM('overriding color',(#4128),#319,#4060);
#4128 = PRESENTATION_STYLE_ASSIGNMENT((#4129));
#4129 = SURFACE_STYLE_USAGE(.BOTH.,#4130);
#4130 = SURFACE_SIDE_STYLE('',(#4131));
#4131 = SURFACE_STYLE_FILL_AREA(#4132);
#4132 = FILL_AREA_STYLE('',(#4133));
#4133 = FILL_AREA_STYLE_COLOUR('',#4077);
#4134 = OVER_RIDING_STYLED_ITEM('overriding color',(#4135),#361,#4060);
#4135 = PRESENTATION_STYLE_ASSIGNMENT((#4136));
#4136 = SURFACE_STYLE_USAGE(.BOTH.,#4137);
#4137 = SURFACE_SIDE_STYLE('',(#4138));
#4138 = SURFACE_STYLE_FILL_AREA(#4139);
#4139 = FILL_AREA_STYLE('',(#4140));
#4140 = FILL_AREA_STYLE_COLOUR('',#4077);
#4141 = OVER_RIDING_STYLED_ITEM('overriding color',(#4142),#385,#4060);
#4142 = PRESENTATION_STYLE_ASSIGNMENT((#4143));
#4143 = SURFACE_STYLE_USAGE(.BOTH.,#4144);
#4144 = SURFACE_SIDE_STYLE('',(#4145));
#4145 = SURFACE_STYLE_FILL_AREA(#4146);
#4146 = FILL_AREA_STYLE('',(#4147));
#4147 = FILL_AREA_STYLE_COLOUR('',#4077);
#4148 = OVER_RIDING_STYLED_ITEM('overriding color',(#4149),#427,#4060);
#4149 = PRESENTATION_STYLE_ASSIGNMENT((#4150));
#4150 = SURFACE_STYLE_USAGE(.BOTH.,#4151);
#4151 = SURFACE_SIDE_STYLE('',(#4152));
#4152 = SURFACE_STYLE_FILL_AREA(#4153);
#4153 = FILL_AREA_STYLE('',(#4154));
#4154 = FILL_AREA_STYLE_COLOUR('',#4077);
#4155 = OVER_RIDING_STYLED_ITEM('overriding color',(#4156),#451,#4060);
#4156 = PRESENTATION_STYLE_ASSIGNMENT((#4157));
#4157 = SURFACE_STYLE_USAGE(.BOTH.,#4158);
#4158 = SURFACE_SIDE_STYLE('',(#4159));
#4159 = SURFACE_STYLE_FILL_AREA(#4160);
#4160 = FILL_AREA_STYLE('',(#4161));
#4161 = FILL_AREA_STYLE_COLOUR('',#4077);
#4162 = OVER_RIDING_STYLED_ITEM('overriding color',(#4163),#493,#4060);
#4163 = PRESENTATION_STYLE_ASSIGNMENT((#4164));
#4164 = SURFACE_STYLE_USAGE(.BOTH.,#4165);
#4165 = SURFACE_SIDE_STYLE('',(#4166));
#4166 = SURFACE_STYLE_FILL_AREA(#4167);
#4167 = FILL_AREA_STYLE('',(#4168));
#4168 = FILL_AREA_STYLE_COLOUR('',#4077);
#4169 = OVER_RIDING_STYLED_ITEM('overriding color',(#4170),#517,#4060);
#4170 = PRESENTATION_STYLE_ASSIGNMENT((#4171));
#4171 = SURFACE_STYLE_USAGE(.BOTH.,#4172);
#4172 = SURFACE_SIDE_STYLE('',(#4173));
#4173 = SURFACE_STYLE_FILL_AREA(#4174);
#4174 = FILL_AREA_STYLE('',(#4175));
#4175 = FILL_AREA_STYLE_COLOUR('',#4077);
#4176 = OVER_RIDING_STYLED_ITEM('overriding color',(#4177),#559,#4060);
#4177 = PRESENTATION_STYLE_ASSIGNMENT((#4178));
#4178 = SURFACE_STYLE_USAGE(.BOTH.,#4179);
#4179 = SURFACE_SIDE_STYLE('',(#4180));
#4180 = SURFACE_STYLE_FILL_AREA(#4181);
#4181 = FILL_AREA_STYLE('',(#4182));
#4182 = FILL_AREA_STYLE_COLOUR('',#4077);
#4183 = OVER_RIDING_STYLED_ITEM('overriding color',(#4184),#583,#4060);
#4184 = PRESENTATION_STYLE_ASSIGNMENT((#4185));
#4185 = SURFACE_STYLE_USAGE(.BOTH.,#4186);
#4186 = SURFACE_SIDE_STYLE('',(#4187));
#4187 = SURFACE_STYLE_FILL_AREA(#4188);
#4188 = FILL_AREA_STYLE('',(#4189));
#4189 = FILL_AREA_STYLE_COLOUR('',#4077);
#4190 = OVER_RIDING_STYLED_ITEM('overriding color',(#4191),#625,#4060);
#4191 = PRESENTATION_STYLE_ASSIGNMENT((#4192));
#4192 = SURFACE_STYLE_USAGE(.BOTH.,#4193);
#4193 = SURFACE_SIDE_STYLE('',(#4194));
#4194 = SURFACE_STYLE_FILL_AREA(#4195);
#4195 = FILL_AREA_STYLE('',(#4196));
#4196 = FILL_AREA_STYLE_COLOUR('',#4077);
#4197 = OVER_RIDING_STYLED_ITEM('overriding color',(#4198),#649,#4060);
#4198 = PRESENTATION_STYLE_ASSIGNMENT((#4199));
#4199 = SURFACE_STYLE_USAGE(.BOTH.,#4200);
#4200 = SURFACE_SIDE_STYLE('',(#4201));
#4201 = SURFACE_STYLE_FILL_AREA(#4202);
#4202 = FILL_AREA_STYLE('',(#4203));
#4203 = FILL_AREA_STYLE_COLOUR('',#4077);
#4204 = OVER_RIDING_STYLED_ITEM('overriding color',(#4205),#691,#4060);
#4205 = PRESENTATION_STYLE_ASSIGNMENT((#4206));
#4206 = SURFACE_STYLE_USAGE(.BOTH.,#4207);
#4207 = SURFACE_SIDE_STYLE('',(#4208));
#4208 = SURFACE_STYLE_FILL_AREA(#4209);
#4209 = FILL_AREA_STYLE('',(#4210));
#4210 = FILL_AREA_STYLE_COLOUR('',#4077);
#4211 = OVER_RIDING_STYLED_ITEM('overriding color',(#4212),#715,#4060);
#4212 = PRESENTATION_STYLE_ASSIGNMENT((#4213));
#4213 = SURFACE_STYLE_USAGE(.BOTH.,#4214);
#4214 = SURFACE_SIDE_STYLE('',(#4215));
#4215 = SURFACE_STYLE_FILL_AREA(#4216);
#4216 = FILL_AREA_STYLE('',(#4217));
#4217 = FILL_AREA_STYLE_COLOUR('',#4077);
#4218 = OVER_RIDING_STYLED_ITEM('overriding color',(#4219),#757,#4060);
#4219 = PRESENTATION_STYLE_ASSIGNMENT((#4220));
#4220 = SURFACE_STYLE_USAGE(.BOTH.,#4221);
#4221 = SURFACE_SIDE_STYLE('',(#4222));
#4222 = SURFACE_STYLE_FILL_AREA(#4223);
#4223 = FILL_AREA_STYLE('',(#4224));
#4224 = FILL_AREA_STYLE_COLOUR('',#4077);
#4225 = OVER_RIDING_STYLED_ITEM('overriding color',(#4226),#781,#4060);
#4226 = PRESENTATION_STYLE_ASSIGNMENT((#4227));
#4227 = SURFACE_STYLE_USAGE(.BOTH.,#4228);
#4228 = SURFACE_SIDE_STYLE('',(#4229));
#4229 = SURFACE_STYLE_FILL_AREA(#4230);
#4230 = FILL_AREA_STYLE('',(#4231));
#4231 = FILL_AREA_STYLE_COLOUR('',#4077);
#4232 = OVER_RIDING_STYLED_ITEM('overriding color',(#4233),#823,#4060);
#4233 = PRESENTATION_STYLE_ASSIGNMENT((#4234));
#4234 = SURFACE_STYLE_USAGE(.BOTH.,#4235);
#4235 = SURFACE_SIDE_STYLE('',(#4236));
#4236 = SURFACE_STYLE_FILL_AREA(#4237);
#4237 = FILL_AREA_STYLE('',(#4238));
#4238 = FILL_AREA_STYLE_COLOUR('',#4077);
#4239 = OVER_RIDING_STYLED_ITEM('overriding color',(#4240),#847,#4060);
#4240 = PRESENTATION_STYLE_ASSIGNMENT((#4241));
#4241 = SURFACE_STYLE_USAGE(.BOTH.,#4242);
#4242 = SURFACE_SIDE_STYLE('',(#4243));
#4243 = SURFACE_STYLE_FILL_AREA(#4244);
#4244 = FILL_AREA_STYLE('',(#4245));
#4245 = FILL_AREA_STYLE_COLOUR('',#4077);
#4246 = OVER_RIDING_STYLED_ITEM('overriding color',(#4247),#889,#4060);
#4247 = PRESENTATION_STYLE_ASSIGNMENT((#4248));
#4248 = SURFACE_STYLE_USAGE(.BOTH.,#4249);
#4249 = SURFACE_SIDE_STYLE('',(#4250));
#4250 = SURFACE_STYLE_FILL_AREA(#4251);
#4251 = FILL_AREA_STYLE('',(#4252));
#4252 = FILL_AREA_STYLE_COLOUR('',#4077);
#4253 = OVER_RIDING_STYLED_ITEM('overriding color',(#4254),#913,#4060);
#4254 = PRESENTATION_STYLE_ASSIGNMENT((#4255));
#4255 = SURFACE_STYLE_USAGE(.BOTH.,#4256);
#4256 = SURFACE_SIDE_STYLE('',(#4257));
#4257 = SURFACE_STYLE_FILL_AREA(#4258);
#4258 = FILL_AREA_STYLE('',(#4259));
#4259 = FILL_AREA_STYLE_COLOUR('',#4077);
#4260 = OVER_RIDING_STYLED_ITEM('overriding color',(#4261),#955,#4060);
#4261 = PRESENTATION_STYLE_ASSIGNMENT((#4262));
#4262 = SURFACE_STYLE_USAGE(.BOTH.,#4263);
#4263 = SURFACE_SIDE_STYLE('',(#4264));
#4264 = SURFACE_STYLE_FILL_AREA(#4265);
#4265 = FILL_AREA_STYLE('',(#4266));
#4266 = FILL_AREA_STYLE_COLOUR('',#4077);
#4267 = OVER_RIDING_STYLED_ITEM('overriding color',(#4268),#979,#4060);
#4268 = PRESENTATION_STYLE_ASSIGNMENT((#4269));
#4269 = SURFACE_STYLE_USAGE(.BOTH.,#4270);
#4270 = SURFACE_SIDE_STYLE('',(#4271));
#4271 = SURFACE_STYLE_FILL_AREA(#4272);
#4272 = FILL_AREA_STYLE('',(#4273));
#4273 = FILL_AREA_STYLE_COLOUR('',#4077);
#4274 = OVER_RIDING_STYLED_ITEM('overriding color',(#4275),#1021,#4060);
#4275 = PRESENTATION_STYLE_ASSIGNMENT((#4276));
#4276 = SURFACE_STYLE_USAGE(.BOTH.,#4277);
#4277 = SURFACE_SIDE_STYLE('',(#4278));
#4278 = SURFACE_STYLE_FILL_AREA(#4279);
#4279 = FILL_AREA_STYLE('',(#4280));
#4280 = FILL_AREA_STYLE_COLOUR('',#4077);
#4281 = OVER_RIDING_STYLED_ITEM('overriding color',(#4282),#1045,#4060);
#4282 = PRESENTATION_STYLE_ASSIGNMENT((#4283));
#4283 = SURFACE_STYLE_USAGE(.BOTH.,#4284);
#4284 = SURFACE_SIDE_STYLE('',(#4285));
#4285 = SURFACE_STYLE_FILL_AREA(#4286);
#4286 = FILL_AREA_STYLE('',(#4287));
#4287 = FILL_AREA_STYLE_COLOUR('',#4077);
#4288 = OVER_RIDING_STYLED_ITEM('overriding color',(#4289),#1087,#4060);
#4289 = PRESENTATION_STYLE_ASSIGNMENT((#4290));
#4290 = SURFACE_STYLE_USAGE(.BOTH.,#4291);
#4291 = SURFACE_SIDE_STYLE('',(#4292));
#4292 = SURFACE_STYLE_FILL_AREA(#4293);
#4293 = FILL_AREA_STYLE('',(#4294));
#4294 = FILL_AREA_STYLE_COLOUR('',#4077);
#4295 = MECHANICAL_DESIGN_GEOMETRIC_PRESENTATION_REPRESENTATION('',(
    #4296),#1797);
#4296 = STYLED_ITEM('color',(#4297),#1491);
#4297 = PRESENTATION_STYLE_ASSIGNMENT((#4298,#4304));
#4298 = SURFACE_STYLE_USAGE(.BOTH.,#4299);
#4299 = SURFACE_SIDE_STYLE('',(#4300));
#4300 = SURFACE_STYLE_FILL_AREA(#4301);
#4301 = FILL_AREA_STYLE('',(#4302));
#4302 = FILL_AREA_STYLE_COLOUR('',#4303);
#4303 = COLOUR_RGB('',0.720000003324,3.999999888241E-02,
  3.999999888241E-02);
#4304 = CURVE_STYLE('',#4305,POSITIVE_LENGTH_MEASURE(0.1),#4303);
#4305 = DRAUGHTING_PRE_DEFINED_CURVE_FONT('continuous');
#4306 = MECHANICAL_DESIGN_GEOMETRIC_PRESENTATION_REPRESENTATION('',(
    #4307),#3617);
#4307 = STYLED_ITEM('color',(#4308),#3564);
#4308 = PRESENTATION_STYLE_ASSIGNMENT((#4309,#4314));
#4309 = SURFACE_STYLE_USAGE(.BOTH.,#4310);
#4310 = SURFACE_SIDE_STYLE('',(#4311));
#4311 = SURFACE_STYLE_FILL_AREA(#4312);
#4312 = FILL_AREA_STYLE('',(#4313));
#4313 = FILL_AREA_STYLE_COLOUR('',#3935);
#4314 = CURVE_STYLE('',#4315,POSITIVE_LENGTH_MEASURE(0.1),#3935);
#4315 = DRAUGHTING_PRE_DEFINED_CURVE_FONT('continuous');
#4316 = MECHANICAL_DESIGN_GEOMETRIC_PRESENTATION_REPRESENTATION('',(
    #4317),#3545);
#4317 = STYLED_ITEM('color',(#4318),#3492);
#4318 = PRESENTATION_STYLE_ASSIGNMENT((#4319,#4324));
#4319 = SURFACE_STYLE_USAGE(.BOTH.,#4320);
#4320 = SURFACE_SIDE_STYLE('',(#4321));
#4321 = SURFACE_STYLE_FILL_AREA(#4322);
#4322 = FILL_AREA_STYLE('',(#4323));
#4323 = FILL_AREA_STYLE_COLOUR('',#3935);
#4324 = CURVE_STYLE('',#4325,POSITIVE_LENGTH_MEASURE(0.1),#3935);
#4325 = DRAUGHTING_PRE_DEFINED_CURVE_FONT('continuous');
#4326 = MECHANICAL_DESIGN_GEOMETRIC_PRESENTATION_REPRESENTATION('',(
    #4327),#3329);
#4327 = STYLED_ITEM('color',(#4328),#3276);
#4328 = PRESENTATION_STYLE_ASSIGNMENT((#4329,#4334));
#4329 = SURFACE_STYLE_USAGE(.BOTH.,#4330);
#4330 = SURFACE_SIDE_STYLE('',(#4331));
#4331 = SURFACE_STYLE_FILL_AREA(#4332);
#4332 = FILL_AREA_STYLE('',(#4333));
#4333 = FILL_AREA_STYLE_COLOUR('',#3935);
#4334 = CURVE_STYLE('',#4335,POSITIVE_LENGTH_MEASURE(0.1),#3935);
#4335 = DRAUGHTING_PRE_DEFINED_CURVE_FONT('continuous');
#4336 = MECHANICAL_DESIGN_GEOMETRIC_PRESENTATION_REPRESENTATION('',(
    #4337),#2609);
#4337 = STYLED_ITEM('color',(#4338),#2459);
#4338 = PRESENTATION_STYLE_ASSIGNMENT((#4339,#4345));
#4339 = SURFACE_STYLE_USAGE(.BOTH.,#4340);
#4340 = SURFACE_SIDE_STYLE('',(#4341));
#4341 = SURFACE_STYLE_FILL_AREA(#4342);
#4342 = FILL_AREA_STYLE('',(#4343));
#4343 = FILL_AREA_STYLE_COLOUR('',#4344);
#4344 = COLOUR_RGB('',7.999999887273E-02,7.999999887273E-02,
  7.999999887273E-02);
#4345 = CURVE_STYLE('',#4346,POSITIVE_LENGTH_MEASURE(0.1),#4344);
#4346 = DRAUGHTING_PRE_DEFINED_CURVE_FONT('continuous');
#4347 = MECHANICAL_DESIGN_GEOMETRIC_PRESENTATION_REPRESENTATION('',(
    #4348),#2440);
#4348 = STYLED_ITEM('color',(#4349),#2290);
#4349 = PRESENTATION_STYLE_ASSIGNMENT((#4350,#4356));
#4350 = SURFACE_STYLE_USAGE(.BOTH.,#4351);
#4351 = SURFACE_SIDE_STYLE('',(#4352));
#4352 = SURFACE_STYLE_FILL_AREA(#4353);
#4353 = FILL_AREA_STYLE('',(#4354));
#4354 = FILL_AREA_STYLE_COLOUR('',#4355);
#4355 = COLOUR_RGB('',2.999999916181E-02,2.999999916181E-02,
  3.999999888241E-02);
#4356 = CURVE_STYLE('',#4357,POSITIVE_LENGTH_MEASURE(0.1),#4355);
#4357 = DRAUGHTING_PRE_DEFINED_CURVE_FONT('continuous');
#4358 = MECHANICAL_DESIGN_GEOMETRIC_PRESENTATION_REPRESENTATION('',(
    #4359),#2825);
#4359 = STYLED_ITEM('color',(#4360),#2772);
#4360 = PRESENTATION_STYLE_ASSIGNMENT((#4361,#4366));
#4361 = SURFACE_STYLE_USAGE(.BOTH.,#4362);
#4362 = SURFACE_SIDE_STYLE('',(#4363));
#4363 = SURFACE_STYLE_FILL_AREA(#4364);
#4364 = FILL_AREA_STYLE('',(#4365));
#4365 = FILL_AREA_STYLE_COLOUR('',#3935);
#4366 = CURVE_STYLE('',#4367,POSITIVE_LENGTH_MEASURE(0.1),#3935);
#4367 = DRAUGHTING_PRE_DEFINED_CURVE_FONT('continuous');
#4368 = MECHANICAL_DESIGN_GEOMETRIC_PRESENTATION_REPRESENTATION('',(
    #4369),#3113);
#4369 = STYLED_ITEM('color',(#4370),#3060);
#4370 = PRESENTATION_STYLE_ASSIGNMENT((#4371,#4376));
#4371 = SURFACE_STYLE_USAGE(.BOTH.,#4372);
#4372 = SURFACE_SIDE_STYLE('',(#4373));
#4373 = SURFACE_STYLE_FILL_AREA(#4374);
#4374 = FILL_AREA_STYLE('',(#4375));
#4375 = FILL_AREA_STYLE_COLOUR('',#3935);
#4376 = CURVE_STYLE('',#4377,POSITIVE_LENGTH_MEASURE(0.1),#3935);
#4377 = DRAUGHTING_PRE_DEFINED_CURVE_FONT('continuous');
#4378 = MECHANICAL_DESIGN_GEOMETRIC_PRESENTATION_REPRESENTATION('',(
    #4379),#3473);
#4379 = STYLED_ITEM('color',(#4380),#3420);
#4380 = PRESENTATION_STYLE_ASSIGNMENT((#4381,#4386));
#4381 = SURFACE_STYLE_USAGE(.BOTH.,#4382);
#4382 = SURFACE_SIDE_STYLE('',(#4383));
#4383 = SURFACE_STYLE_FILL_AREA(#4384);
#4384 = FILL_AREA_STYLE('',(#4385));
#4385 = FILL_AREA_STYLE_COLOUR('',#3935);
#4386 = CURVE_STYLE('',#4387,POSITIVE_LENGTH_MEASURE(0.1),#3935);
#4387 = DRAUGHTING_PRE_DEFINED_CURVE_FONT('continuous');
ENDSEC;
END-ISO-10303-21;
